2026-05-25T05:44:45.255985Z;9435ff12-0bef-453e-8f85-1c2898c56013;Лампочка;100.0
2026-05-25T05:44:45.255985Z;9435ff12-0bef-453e-8f85-1c2898c56013;Лампочка;2700.0
2026-05-25T05:44:45.255985Z;9435ff12-0bef-453e-8f85-1c2898c56013;Лампочка;0.0
2026-05-25T05:44:45.255985Z;ae02804f-ee50-4af0-800d-f7f228ed7cae;Сварочник;0.0
2026-05-25T05:45:00.424203Z;9435ff12-0bef-453e-8f85-1c2898c56013;Лампочка;100.0
2026-05-25T05:45:00.424203Z;9435ff12-0bef-453e-8f85-1c2898c56013;Лампочка;2700.0
2026-05-25T05:45:00.424203Z;9435ff12-0bef-453e-8f85-1c2898c56013;Лампочка;0.0
2026-05-25T05:45:00.424203Z;ae02804f-ee50-4af0-800d-f7f228ed7cae;Сварочник;0.0
2026-05-25T05:45:15.603071Z;9435ff12-0bef-453e-8f85-1c2898c56013;Лампочка;100.0
2026-05-25T05:45:15.603071Z;9435ff12-0bef-453e-8f85-1c2898c56013;Лампочка;2700.0
2026-05-25T05:45:15.603071Z;9435ff12-0bef-453e-8f85-1c2898c56013;Лампочка;0.0
2026-05-25T05:45:15.603071Z;ae02804f-ee50-4af0-800d-f7f228ed7cae;Сварочник;1.0
2026-05-25T05:45:30.778065Z;9435ff12-0bef-453e-8f85-1c2898c56013;Лампочка;100.0
2026-05-25T05:45:30.778065Z;9435ff12-0bef-453e-8f85-1c2898c56013;Лампочка;2700.0
2026-05-25T05:45:30.778065Z;9435ff12-0bef-453e-8f85-1c2898c56013;Лампочка;0.0
2026-05-25T05:45:30.778065Z;ae02804f-ee50-4af0-800d-f7f228ed7cae;Сварочник;1.0
2026-05-25T05:45:45.954816Z;9435ff12-0bef-453e-8f85-1c2898c56013;Лампочка;100.0
2026-05-25T05:45:45.954816Z;9435ff12-0bef-453e-8f85-1c2898c56013;Лампочка;2700.0
2026-05-25T05:45:45.954816Z;9435ff12-0bef-453e-8f85-1c2898c56013;Лампочка;0.0
2026-05-25T05:45:45.954816Z;ae02804f-ee50-4af0-800d-f7f228ed7cae;Сварочник;1.0
2026-05-25T05:46:01.129947Z;9435ff12-0bef-453e-8f85-1c2898c56013;Лампочка;100.0
2026-05-25T05:46:01.129947Z;9435ff12-0bef-453e-8f85-1c2898c56013;Лампочка;2700.0
2026-05-25T05:46:01.129947Z;9435ff12-0bef-453e-8f85-1c2898c56013;Лампочка;0.0
2026-05-25T05:46:01.129947Z;ae02804f-ee50-4af0-800d-f7f228ed7cae;Сварочник;1.0
2026-05-25T05:46:16.300439Z;9435ff12-0bef-453e-8f85-1c2898c56013;Лампочка;100.0
2026-05-25T05:46:16.300439Z;9435ff12-0bef-453e-8f85-1c2898c56013;Лампочка;2700.0
2026-05-25T05:46:16.300439Z;9435ff12-0bef-453e-8f85-1c2898c56013;Лампочка;0.0
2026-05-25T05:46:16.300439Z;ae02804f-ee50-4af0-800d-f7f228ed7cae;Сварочник;1.0
2026-05-25T05:46:31.469752Z;9435ff12-0bef-453e-8f85-1c2898c56013;Лампочка;100.0
2026-05-25T05:46:31.469752Z;9435ff12-0bef-453e-8f85-1c2898c56013;Лампочка;2700.0
2026-05-25T05:46:31.469752Z;9435ff12-0bef-453e-8f85-1c2898c56013;Лампочка;0.0
2026-05-25T05:46:31.469752Z;ae02804f-ee50-4af0-800d-f7f228ed7cae;Сварочник;1.0
2026-05-25T05:46:46.647388Z;9435ff12-0bef-453e-8f85-1c2898c56013;Лампочка;100.0
2026-05-25T05:46:46.647388Z;9435ff12-0bef-453e-8f85-1c2898c56013;Лампочка;2700.0
2026-05-25T05:46:46.647388Z;9435ff12-0bef-453e-8f85-1c2898c56013;Лампочка;0.0
2026-05-25T05:46:46.647388Z;ae02804f-ee50-4af0-800d-f7f228ed7cae;Сварочник;1.0
2026-05-25T05:47:01.817845Z;9435ff12-0bef-453e-8f85-1c2898c56013;Лампочка;100.0
2026-05-25T05:47:01.817845Z;9435ff12-0bef-453e-8f85-1c2898c56013;Лампочка;2700.0
2026-05-25T05:47:01.817845Z;9435ff12-0bef-453e-8f85-1c2898c56013;Лампочка;0.0
2026-05-25T05:47:01.817845Z;ae02804f-ee50-4af0-800d-f7f228ed7cae;Сварочник;1.0
2026-05-25T05:47:16.985200Z;9435ff12-0bef-453e-8f85-1c2898c56013;Лампочка;100.0
2026-05-25T05:47:16.985200Z;9435ff12-0bef-453e-8f85-1c2898c56013;Лампочка;2700.0
2026-05-25T05:47:16.985200Z;9435ff12-0bef-453e-8f85-1c2898c56013;Лампочка;0.0
2026-05-25T05:47:16.985200Z;ae02804f-ee50-4af0-800d-f7f228ed7cae;Сварочник;1.0
2026-05-25T05:47:32.162848Z;9435ff12-0bef-453e-8f85-1c2898c56013;Лампочка;100.0
2026-05-25T05:47:32.162848Z;9435ff12-0bef-453e-8f85-1c2898c56013;Лампочка;2700.0
2026-05-25T05:47:32.162848Z;9435ff12-0bef-453e-8f85-1c2898c56013;Лампочка;0.0
2026-05-25T05:47:32.162848Z;ae02804f-ee50-4af0-800d-f7f228ed7cae;Сварочник;1.0
2026-05-25T05:47:47.335938Z;9435ff12-0bef-453e-8f85-1c2898c56013;Лампочка;100.0
2026-05-25T05:47:47.335938Z;9435ff12-0bef-453e-8f85-1c2898c56013;Лампочка;2700.0
2026-05-25T05:47:47.335938Z;9435ff12-0bef-453e-8f85-1c2898c56013;Лампочка;0.0
2026-05-25T05:47:47.335938Z;ae02804f-ee50-4af0-800d-f7f228ed7cae;Сварочник;1.0
2026-05-25T05:48:02.501823Z;9435ff12-0bef-453e-8f85-1c2898c56013;Лампочка;100.0
2026-05-25T05:48:02.501823Z;9435ff12-0bef-453e-8f85-1c2898c56013;Лампочка;2700.0
2026-05-25T05:48:02.501823Z;9435ff12-0bef-453e-8f85-1c2898c56013;Лампочка;0.0
2026-05-25T05:48:02.501823Z;ae02804f-ee50-4af0-800d-f7f228ed7cae;Сварочник;1.0
2026-05-25T05:48:17.674792Z;9435ff12-0bef-453e-8f85-1c2898c56013;Лампочка;100.0
2026-05-25T05:48:17.674792Z;9435ff12-0bef-453e-8f85-1c2898c56013;Лампочка;2700.0
2026-05-25T05:48:17.674792Z;9435ff12-0bef-453e-8f85-1c2898c56013;Лампочка;0.0
2026-05-25T05:48:17.674792Z;ae02804f-ee50-4af0-800d-f7f228ed7cae;Сварочник;0.0
2026-05-25T05:48:32.841758Z;9435ff12-0bef-453e-8f85-1c2898c56013;Лампочка;100.0
2026-05-25T05:48:32.841758Z;9435ff12-0bef-453e-8f85-1c2898c56013;Лампочка;2700.0
2026-05-25T05:48:32.841758Z;9435ff12-0bef-453e-8f85-1c2898c56013;Лампочка;0.0
2026-05-25T05:48:32.841758Z;ae02804f-ee50-4af0-800d-f7f228ed7cae;Сварочник;0.0
2026-05-25T05:48:48.004523Z;9435ff12-0bef-453e-8f85-1c2898c56013;Лампочка;100.0
2026-05-25T05:48:48.004523Z;9435ff12-0bef-453e-8f85-1c2898c56013;Лампочка;2700.0
2026-05-25T05:48:48.004523Z;9435ff12-0bef-453e-8f85-1c2898c56013;Лампочка;0.0
2026-05-25T05:48:48.004523Z;ae02804f-ee50-4af0-800d-f7f228ed7cae;Сварочник;0.0
2026-05-25T05:49:03.161220Z;9435ff12-0bef-453e-8f85-1c2898c56013;Лампочка;100.0
2026-05-25T05:49:03.161220Z;9435ff12-0bef-453e-8f85-1c2898c56013;Лампочка;2700.0
2026-05-25T05:49:03.161220Z;9435ff12-0bef-453e-8f85-1c2898c56013;Лампочка;0.0
2026-05-25T05:49:03.161220Z;ae02804f-ee50-4af0-800d-f7f228ed7cae;Сварочник;0.0
2026-05-25T05:49:18.341448Z;9435ff12-0bef-453e-8f85-1c2898c56013;Лампочка;100.0
2026-05-25T05:49:18.341448Z;9435ff12-0bef-453e-8f85-1c2898c56013;Лампочка;2700.0
2026-05-25T05:49:18.341448Z;9435ff12-0bef-453e-8f85-1c2898c56013;Лампочка;0.0
2026-05-25T05:49:18.341448Z;ae02804f-ee50-4af0-800d-f7f228ed7cae;Сварочник;0.0
2026-05-25T05:49:33.518571Z;9435ff12-0bef-453e-8f85-1c2898c56013;Лампочка;100.0
2026-05-25T05:49:33.518571Z;9435ff12-0bef-453e-8f85-1c2898c56013;Лампочка;2700.0
2026-05-25T05:49:33.518571Z;9435ff12-0bef-453e-8f85-1c2898c56013;Лампочка;0.0
2026-05-25T05:49:33.518571Z;ae02804f-ee50-4af0-800d-f7f228ed7cae;Сварочник;0.0
2026-05-25T05:49:48.685598Z;9435ff12-0bef-453e-8f85-1c2898c56013;Лампочка;100.0
2026-05-25T05:49:48.685598Z;9435ff12-0bef-453e-8f85-1c2898c56013;Лампочка;2700.0
2026-05-25T05:49:48.685598Z;9435ff12-0bef-453e-8f85-1c2898c56013;Лампочка;0.0
2026-05-25T05:49:48.685598Z;ae02804f-ee50-4af0-800d-f7f228ed7cae;Сварочник;0.0
2026-05-25T05:50:03.852269Z;9435ff12-0bef-453e-8f85-1c2898c56013;Лампочка;100.0
2026-05-25T05:50:03.852269Z;9435ff12-0bef-453e-8f85-1c2898c56013;Лампочка;2700.0
2026-05-25T05:50:03.852269Z;9435ff12-0bef-453e-8f85-1c2898c56013;Лампочка;0.0
2026-05-25T05:50:03.852269Z;ae02804f-ee50-4af0-800d-f7f228ed7cae;Сварочник;0.0
2026-05-25T05:50:19.007226Z;9435ff12-0bef-453e-8f85-1c2898c56013;Лампочка;100.0
2026-05-25T05:50:19.007226Z;9435ff12-0bef-453e-8f85-1c2898c56013;Лампочка;2700.0
2026-05-25T05:50:19.007226Z;9435ff12-0bef-453e-8f85-1c2898c56013;Лампочка;0.0
2026-05-25T05:50:19.007226Z;ae02804f-ee50-4af0-800d-f7f228ed7cae;Сварочник;0.0
2026-05-25T05:50:34.170369Z;9435ff12-0bef-453e-8f85-1c2898c56013;Лампочка;100.0
2026-05-25T05:50:34.170369Z;9435ff12-0bef-453e-8f85-1c2898c56013;Лампочка;2700.0
2026-05-25T05:50:34.170369Z;9435ff12-0bef-453e-8f85-1c2898c56013;Лампочка;0.0
2026-05-25T05:50:34.170369Z;ae02804f-ee50-4af0-800d-f7f228ed7cae;Сварочник;0.0
2026-05-25T05:50:49.349339Z;9435ff12-0bef-453e-8f85-1c2898c56013;Лампочка;100.0
2026-05-25T05:50:49.349339Z;9435ff12-0bef-453e-8f85-1c2898c56013;Лампочка;2700.0
2026-05-25T05:50:49.349339Z;9435ff12-0bef-453e-8f85-1c2898c56013;Лампочка;0.0
2026-05-25T05:50:49.349339Z;ae02804f-ee50-4af0-800d-f7f228ed7cae;Сварочник;0.0
2026-05-25T05:51:04.527416Z;9435ff12-0bef-453e-8f85-1c2898c56013;Лампочка;100.0
2026-05-25T05:51:04.527416Z;9435ff12-0bef-453e-8f85-1c2898c56013;Лампочка;2700.0
2026-05-25T05:51:04.527416Z;9435ff12-0bef-453e-8f85-1c2898c56013;Лампочка;0.0
2026-05-25T05:51:04.527416Z;ae02804f-ee50-4af0-800d-f7f228ed7cae;Сварочник;0.0
2026-05-25T05:51:19.694345Z;9435ff12-0bef-453e-8f85-1c2898c56013;Лампочка;100.0
2026-05-25T05:51:19.694345Z;9435ff12-0bef-453e-8f85-1c2898c56013;Лампочка;2700.0
2026-05-25T05:51:19.694345Z;9435ff12-0bef-453e-8f85-1c2898c56013;Лампочка;0.0
2026-05-25T05:51:19.694345Z;ae02804f-ee50-4af0-800d-f7f228ed7cae;Сварочник;0.0
2026-05-25T05:51:34.875540Z;9435ff12-0bef-453e-8f85-1c2898c56013;Лампочка;100.0
2026-05-25T05:51:34.875540Z;9435ff12-0bef-453e-8f85-1c2898c56013;Лампочка;2700.0
2026-05-25T05:51:34.875540Z;9435ff12-0bef-453e-8f85-1c2898c56013;Лампочка;0.0
2026-05-25T05:51:34.875540Z;ae02804f-ee50-4af0-800d-f7f228ed7cae;Сварочник;0.0
2026-05-25T05:51:50.047018Z;9435ff12-0bef-453e-8f85-1c2898c56013;Лампочка;100.0
2026-05-25T05:51:50.047018Z;9435ff12-0bef-453e-8f85-1c2898c56013;Лампочка;2700.0
2026-05-25T05:51:50.047018Z;9435ff12-0bef-453e-8f85-1c2898c56013;Лампочка;0.0
2026-05-25T05:51:50.047018Z;ae02804f-ee50-4af0-800d-f7f228ed7cae;Сварочник;0.0
2026-05-25T05:52:05.218815Z;9435ff12-0bef-453e-8f85-1c2898c56013;Лампочка;100.0
2026-05-25T05:52:05.218815Z;9435ff12-0bef-453e-8f85-1c2898c56013;Лампочка;2700.0
2026-05-25T05:52:05.218815Z;9435ff12-0bef-453e-8f85-1c2898c56013;Лампочка;0.0
2026-05-25T05:52:05.218815Z;ae02804f-ee50-4af0-800d-f7f228ed7cae;Сварочник;0.0
2026-05-25T05:52:20.384932Z;9435ff12-0bef-453e-8f85-1c2898c56013;Лампочка;100.0
2026-05-25T05:52:20.384932Z;9435ff12-0bef-453e-8f85-1c2898c56013;Лампочка;2700.0
2026-05-25T05:52:20.384932Z;9435ff12-0bef-453e-8f85-1c2898c56013;Лампочка;0.0
2026-05-25T05:52:20.384932Z;ae02804f-ee50-4af0-800d-f7f228ed7cae;Сварочник;0.0
2026-05-25T05:52:35.550795Z;9435ff12-0bef-453e-8f85-1c2898c56013;Лампочка;100.0
2026-05-25T05:52:35.550795Z;9435ff12-0bef-453e-8f85-1c2898c56013;Лампочка;2700.0
2026-05-25T05:52:35.550795Z;9435ff12-0bef-453e-8f85-1c2898c56013;Лампочка;0.0
2026-05-25T05:52:35.550795Z;ae02804f-ee50-4af0-800d-f7f228ed7cae;Сварочник;0.0
2026-05-25T05:52:50.722388Z;9435ff12-0bef-453e-8f85-1c2898c56013;Лампочка;100.0
2026-05-25T05:52:50.722388Z;9435ff12-0bef-453e-8f85-1c2898c56013;Лампочка;2700.0
2026-05-25T05:52:50.722388Z;9435ff12-0bef-453e-8f85-1c2898c56013;Лампочка;0.0
2026-05-25T05:52:50.722388Z;ae02804f-ee50-4af0-800d-f7f228ed7cae;Сварочник;0.0
2026-05-25T05:53:05.908199Z;9435ff12-0bef-453e-8f85-1c2898c56013;Лампочка;100.0
2026-05-25T05:53:05.908199Z;9435ff12-0bef-453e-8f85-1c2898c56013;Лампочка;2700.0
2026-05-25T05:53:05.908199Z;9435ff12-0bef-453e-8f85-1c2898c56013;Лампочка;0.0
2026-05-25T05:53:05.908199Z;ae02804f-ee50-4af0-800d-f7f228ed7cae;Сварочник;0.0
2026-05-25T05:53:21.080029Z;9435ff12-0bef-453e-8f85-1c2898c56013;Лампочка;100.0
2026-05-25T05:53:21.080029Z;9435ff12-0bef-453e-8f85-1c2898c56013;Лампочка;2700.0
2026-05-25T05:53:21.080029Z;9435ff12-0bef-453e-8f85-1c2898c56013;Лампочка;0.0
2026-05-25T05:53:21.080029Z;ae02804f-ee50-4af0-800d-f7f228ed7cae;Сварочник;0.0
2026-05-25T05:53:36.245844Z;9435ff12-0bef-453e-8f85-1c2898c56013;Лампочка;100.0
2026-05-25T05:53:36.245844Z;9435ff12-0bef-453e-8f85-1c2898c56013;Лампочка;2700.0
2026-05-25T05:53:36.245844Z;9435ff12-0bef-453e-8f85-1c2898c56013;Лампочка;0.0
2026-05-25T05:53:36.245844Z;ae02804f-ee50-4af0-800d-f7f228ed7cae;Сварочник;0.0
2026-05-25T05:53:51.424279Z;9435ff12-0bef-453e-8f85-1c2898c56013;Лампочка;100.0
2026-05-25T05:53:51.424279Z;9435ff12-0bef-453e-8f85-1c2898c56013;Лампочка;2700.0
2026-05-25T05:53:51.424279Z;9435ff12-0bef-453e-8f85-1c2898c56013;Лампочка;0.0
2026-05-25T05:53:51.424279Z;ae02804f-ee50-4af0-800d-f7f228ed7cae;Сварочник;0.0
2026-05-25T05:54:06.596647Z;9435ff12-0bef-453e-8f85-1c2898c56013;Лампочка;100.0
2026-05-25T05:54:06.596647Z;9435ff12-0bef-453e-8f85-1c2898c56013;Лампочка;2700.0
2026-05-25T05:54:06.596647Z;9435ff12-0bef-453e-8f85-1c2898c56013;Лампочка;0.0
2026-05-25T05:54:06.596647Z;ae02804f-ee50-4af0-800d-f7f228ed7cae;Сварочник;0.0
2026-05-25T05:54:21.751077Z;9435ff12-0bef-453e-8f85-1c2898c56013;Лампочка;100.0
2026-05-25T05:54:21.751077Z;9435ff12-0bef-453e-8f85-1c2898c56013;Лампочка;2700.0
2026-05-25T05:54:21.751077Z;9435ff12-0bef-453e-8f85-1c2898c56013;Лампочка;0.0
2026-05-25T05:54:21.751077Z;ae02804f-ee50-4af0-800d-f7f228ed7cae;Сварочник;0.0
2026-05-25T05:54:36.929208Z;9435ff12-0bef-453e-8f85-1c2898c56013;Лампочка;100.0
2026-05-25T05:54:36.929208Z;9435ff12-0bef-453e-8f85-1c2898c56013;Лампочка;2700.0
2026-05-25T05:54:36.929208Z;9435ff12-0bef-453e-8f85-1c2898c56013;Лампочка;0.0
2026-05-25T05:54:36.929208Z;ae02804f-ee50-4af0-800d-f7f228ed7cae;Сварочник;0.0
2026-05-25T05:54:52.099939Z;9435ff12-0bef-453e-8f85-1c2898c56013;Лампочка;100.0
2026-05-25T05:54:52.099939Z;9435ff12-0bef-453e-8f85-1c2898c56013;Лампочка;2700.0
2026-05-25T05:54:52.099939Z;9435ff12-0bef-453e-8f85-1c2898c56013;Лампочка;0.0
2026-05-25T05:54:52.099939Z;ae02804f-ee50-4af0-800d-f7f228ed7cae;Сварочник;0.0
2026-05-25T05:55:07.267506Z;9435ff12-0bef-453e-8f85-1c2898c56013;Лампочка;100.0
2026-05-25T05:55:07.267506Z;9435ff12-0bef-453e-8f85-1c2898c56013;Лампочка;2700.0
2026-05-25T05:55:07.267506Z;9435ff12-0bef-453e-8f85-1c2898c56013;Лампочка;0.0
2026-05-25T05:55:07.267506Z;ae02804f-ee50-4af0-800d-f7f228ed7cae;Сварочник;0.0
2026-05-25T05:55:22.446275Z;9435ff12-0bef-453e-8f85-1c2898c56013;Лампочка;100.0
2026-05-25T05:55:22.446275Z;9435ff12-0bef-453e-8f85-1c2898c56013;Лампочка;2700.0
2026-05-25T05:55:22.446275Z;9435ff12-0bef-453e-8f85-1c2898c56013;Лампочка;0.0
2026-05-25T05:55:22.446275Z;ae02804f-ee50-4af0-800d-f7f228ed7cae;Сварочник;0.0
2026-05-25T05:55:37.613067Z;9435ff12-0bef-453e-8f85-1c2898c56013;Лампочка;100.0
2026-05-25T05:55:37.613067Z;9435ff12-0bef-453e-8f85-1c2898c56013;Лампочка;2700.0
2026-05-25T05:55:37.613067Z;9435ff12-0bef-453e-8f85-1c2898c56013;Лампочка;0.0
2026-05-25T05:55:37.613067Z;ae02804f-ee50-4af0-800d-f7f228ed7cae;Сварочник;0.0
2026-05-25T05:55:52.773889Z;9435ff12-0bef-453e-8f85-1c2898c56013;Лампочка;100.0
2026-05-25T05:55:52.773889Z;9435ff12-0bef-453e-8f85-1c2898c56013;Лампочка;2700.0
2026-05-25T05:55:52.773889Z;9435ff12-0bef-453e-8f85-1c2898c56013;Лампочка;0.0
2026-05-25T05:55:52.773889Z;ae02804f-ee50-4af0-800d-f7f228ed7cae;Сварочник;0.0
2026-05-25T05:56:07.946371Z;9435ff12-0bef-453e-8f85-1c2898c56013;Лампочка;100.0
2026-05-25T05:56:07.946371Z;9435ff12-0bef-453e-8f85-1c2898c56013;Лампочка;2700.0
2026-05-25T05:56:07.946371Z;9435ff12-0bef-453e-8f85-1c2898c56013;Лампочка;0.0
2026-05-25T05:56:07.946371Z;ae02804f-ee50-4af0-800d-f7f228ed7cae;Сварочник;0.0
2026-05-25T05:56:23.112876Z;9435ff12-0bef-453e-8f85-1c2898c56013;Лампочка;100.0
2026-05-25T05:56:23.112876Z;9435ff12-0bef-453e-8f85-1c2898c56013;Лампочка;2700.0
2026-05-25T05:56:23.112876Z;9435ff12-0bef-453e-8f85-1c2898c56013;Лампочка;0.0
2026-05-25T05:56:23.112876Z;ae02804f-ee50-4af0-800d-f7f228ed7cae;Сварочник;0.0
2026-05-25T05:56:38.259797Z;9435ff12-0bef-453e-8f85-1c2898c56013;Лампочка;100.0
2026-05-25T05:56:38.259797Z;9435ff12-0bef-453e-8f85-1c2898c56013;Лампочка;2700.0
2026-05-25T05:56:38.259797Z;9435ff12-0bef-453e-8f85-1c2898c56013;Лампочка;0.0
2026-05-25T05:56:38.259797Z;ae02804f-ee50-4af0-800d-f7f228ed7cae;Сварочник;0.0
2026-05-25T05:56:53.412088Z;9435ff12-0bef-453e-8f85-1c2898c56013;Лампочка;100.0
2026-05-25T05:56:53.412088Z;9435ff12-0bef-453e-8f85-1c2898c56013;Лампочка;2700.0
2026-05-25T05:56:53.412088Z;9435ff12-0bef-453e-8f85-1c2898c56013;Лампочка;0.0
2026-05-25T05:56:53.412088Z;ae02804f-ee50-4af0-800d-f7f228ed7cae;Сварочник;0.0
2026-05-25T05:57:08.568240Z;9435ff12-0bef-453e-8f85-1c2898c56013;Лампочка;100.0
2026-05-25T05:57:08.568240Z;9435ff12-0bef-453e-8f85-1c2898c56013;Лампочка;2700.0
2026-05-25T05:57:08.568240Z;9435ff12-0bef-453e-8f85-1c2898c56013;Лампочка;0.0
2026-05-25T05:57:08.568240Z;ae02804f-ee50-4af0-800d-f7f228ed7cae;Сварочник;0.0
2026-05-25T05:57:23.725211Z;9435ff12-0bef-453e-8f85-1c2898c56013;Лампочка;100.0
2026-05-25T05:57:23.725211Z;9435ff12-0bef-453e-8f85-1c2898c56013;Лампочка;2700.0
2026-05-25T05:57:23.725211Z;9435ff12-0bef-453e-8f85-1c2898c56013;Лампочка;0.0
2026-05-25T05:57:23.725211Z;ae02804f-ee50-4af0-800d-f7f228ed7cae;Сварочник;1.0
2026-05-25T05:57:38.883631Z;9435ff12-0bef-453e-8f85-1c2898c56013;Лампочка;100.0
2026-05-25T05:57:38.883631Z;9435ff12-0bef-453e-8f85-1c2898c56013;Лампочка;2700.0
2026-05-25T05:57:38.883631Z;9435ff12-0bef-453e-8f85-1c2898c56013;Лампочка;0.0
2026-05-25T05:57:38.883631Z;ae02804f-ee50-4af0-800d-f7f228ed7cae;Сварочник;1.0
2026-05-25T05:57:54.041038Z;9435ff12-0bef-453e-8f85-1c2898c56013;Лампочка;100.0
2026-05-25T05:57:54.041038Z;9435ff12-0bef-453e-8f85-1c2898c56013;Лампочка;2700.0
2026-05-25T05:57:54.041038Z;9435ff12-0bef-453e-8f85-1c2898c56013;Лампочка;0.0
2026-05-25T05:57:54.041038Z;ae02804f-ee50-4af0-800d-f7f228ed7cae;Сварочник;1.0
2026-05-25T05:58:09.217291Z;9435ff12-0bef-453e-8f85-1c2898c56013;Лампочка;100.0
2026-05-25T05:58:09.217291Z;9435ff12-0bef-453e-8f85-1c2898c56013;Лампочка;2700.0
2026-05-25T05:58:09.217291Z;9435ff12-0bef-453e-8f85-1c2898c56013;Лампочка;0.0
2026-05-25T05:58:09.217291Z;ae02804f-ee50-4af0-800d-f7f228ed7cae;Сварочник;1.0
2026-05-25T05:58:24.386776Z;9435ff12-0bef-453e-8f85-1c2898c56013;Лампочка;100.0
2026-05-25T05:58:24.386776Z;9435ff12-0bef-453e-8f85-1c2898c56013;Лампочка;2700.0
2026-05-25T05:58:24.386776Z;9435ff12-0bef-453e-8f85-1c2898c56013;Лампочка;0.0
2026-05-25T05:58:24.386776Z;ae02804f-ee50-4af0-800d-f7f228ed7cae;Сварочник;1.0
2026-05-25T05:58:39.539979Z;9435ff12-0bef-453e-8f85-1c2898c56013;Лампочка;100.0
2026-05-25T05:58:39.539979Z;9435ff12-0bef-453e-8f85-1c2898c56013;Лампочка;2700.0
2026-05-25T05:58:39.539979Z;9435ff12-0bef-453e-8f85-1c2898c56013;Лампочка;0.0
2026-05-25T05:58:39.539979Z;ae02804f-ee50-4af0-800d-f7f228ed7cae;Сварочник;1.0
2026-05-25T05:58:54.711760Z;9435ff12-0bef-453e-8f85-1c2898c56013;Лампочка;100.0
2026-05-25T05:58:54.711760Z;9435ff12-0bef-453e-8f85-1c2898c56013;Лампочка;2700.0
2026-05-25T05:58:54.711760Z;9435ff12-0bef-453e-8f85-1c2898c56013;Лампочка;0.0
2026-05-25T05:58:54.711760Z;ae02804f-ee50-4af0-800d-f7f228ed7cae;Сварочник;1.0
2026-05-25T05:59:09.883359Z;9435ff12-0bef-453e-8f85-1c2898c56013;Лампочка;100.0
2026-05-25T05:59:09.883359Z;9435ff12-0bef-453e-8f85-1c2898c56013;Лампочка;2700.0
2026-05-25T05:59:09.883359Z;9435ff12-0bef-453e-8f85-1c2898c56013;Лампочка;0.0
2026-05-25T05:59:09.883359Z;ae02804f-ee50-4af0-800d-f7f228ed7cae;Сварочник;1.0
2026-05-25T05:59:25.045060Z;9435ff12-0bef-453e-8f85-1c2898c56013;Лампочка;100.0
2026-05-25T05:59:25.045060Z;9435ff12-0bef-453e-8f85-1c2898c56013;Лампочка;2700.0
2026-05-25T05:59:25.045060Z;9435ff12-0bef-453e-8f85-1c2898c56013;Лампочка;0.0
2026-05-25T05:59:25.045060Z;ae02804f-ee50-4af0-800d-f7f228ed7cae;Сварочник;1.0
2026-05-25T05:59:40.204763Z;9435ff12-0bef-453e-8f85-1c2898c56013;Лампочка;100.0
2026-05-25T05:59:40.204763Z;9435ff12-0bef-453e-8f85-1c2898c56013;Лампочка;2700.0
2026-05-25T05:59:40.204763Z;9435ff12-0bef-453e-8f85-1c2898c56013;Лампочка;0.0
2026-05-25T05:59:40.204763Z;ae02804f-ee50-4af0-800d-f7f228ed7cae;Сварочник;1.0
2026-05-25T05:59:55.377254Z;9435ff12-0bef-453e-8f85-1c2898c56013;Лампочка;100.0
2026-05-25T05:59:55.377254Z;9435ff12-0bef-453e-8f85-1c2898c56013;Лампочка;2700.0
2026-05-25T05:59:55.377254Z;9435ff12-0bef-453e-8f85-1c2898c56013;Лампочка;0.0
2026-05-25T05:59:55.377254Z;ae02804f-ee50-4af0-800d-f7f228ed7cae;Сварочник;1.0
2026-05-25T06:00:10.549339Z;9435ff12-0bef-453e-8f85-1c2898c56013;Лампочка;100.0
2026-05-25T06:00:10.549339Z;9435ff12-0bef-453e-8f85-1c2898c56013;Лампочка;2700.0
2026-05-25T06:00:10.549339Z;9435ff12-0bef-453e-8f85-1c2898c56013;Лампочка;0.0
2026-05-25T06:00:10.549339Z;ae02804f-ee50-4af0-800d-f7f228ed7cae;Сварочник;1.0
2026-05-25T06:00:25.715803Z;9435ff12-0bef-453e-8f85-1c2898c56013;Лампочка;100.0
2026-05-25T06:00:25.715803Z;9435ff12-0bef-453e-8f85-1c2898c56013;Лампочка;2700.0
2026-05-25T06:00:25.715803Z;9435ff12-0bef-453e-8f85-1c2898c56013;Лампочка;0.0
2026-05-25T06:00:25.715803Z;ae02804f-ee50-4af0-800d-f7f228ed7cae;Сварочник;1.0
2026-05-25T06:00:40.881632Z;9435ff12-0bef-453e-8f85-1c2898c56013;Лампочка;100.0
2026-05-25T06:00:40.881632Z;9435ff12-0bef-453e-8f85-1c2898c56013;Лампочка;2700.0
2026-05-25T06:00:40.881632Z;9435ff12-0bef-453e-8f85-1c2898c56013;Лампочка;0.0
2026-05-25T06:00:40.881632Z;ae02804f-ee50-4af0-800d-f7f228ed7cae;Сварочник;1.0
2026-05-25T06:00:56.041747Z;9435ff12-0bef-453e-8f85-1c2898c56013;Лампочка;100.0
2026-05-25T06:00:56.041747Z;9435ff12-0bef-453e-8f85-1c2898c56013;Лампочка;2700.0
2026-05-25T06:00:56.041747Z;9435ff12-0bef-453e-8f85-1c2898c56013;Лампочка;0.0
2026-05-25T06:00:56.041747Z;ae02804f-ee50-4af0-800d-f7f228ed7cae;Сварочник;1.0
2026-05-25T06:01:11.211857Z;9435ff12-0bef-453e-8f85-1c2898c56013;Лампочка;100.0
2026-05-25T06:01:11.211857Z;9435ff12-0bef-453e-8f85-1c2898c56013;Лампочка;2700.0
2026-05-25T06:01:11.211857Z;9435ff12-0bef-453e-8f85-1c2898c56013;Лампочка;0.0
2026-05-25T06:01:11.211857Z;ae02804f-ee50-4af0-800d-f7f228ed7cae;Сварочник;1.0
2026-05-25T06:01:26.381021Z;9435ff12-0bef-453e-8f85-1c2898c56013;Лампочка;100.0
2026-05-25T06:01:26.381021Z;9435ff12-0bef-453e-8f85-1c2898c56013;Лампочка;2700.0
2026-05-25T06:01:26.381021Z;9435ff12-0bef-453e-8f85-1c2898c56013;Лампочка;0.0
2026-05-25T06:01:26.381021Z;ae02804f-ee50-4af0-800d-f7f228ed7cae;Сварочник;1.0
2026-05-25T06:01:41.550087Z;9435ff12-0bef-453e-8f85-1c2898c56013;Лампочка;100.0
2026-05-25T06:01:41.550087Z;9435ff12-0bef-453e-8f85-1c2898c56013;Лампочка;2700.0
2026-05-25T06:01:41.550087Z;9435ff12-0bef-453e-8f85-1c2898c56013;Лампочка;0.0
2026-05-25T06:01:41.550087Z;ae02804f-ee50-4af0-800d-f7f228ed7cae;Сварочник;1.0
2026-05-25T06:01:56.715033Z;9435ff12-0bef-453e-8f85-1c2898c56013;Лампочка;100.0
2026-05-25T06:01:56.715033Z;9435ff12-0bef-453e-8f85-1c2898c56013;Лампочка;2700.0
2026-05-25T06:01:56.715033Z;9435ff12-0bef-453e-8f85-1c2898c56013;Лампочка;0.0
2026-05-25T06:01:56.715033Z;ae02804f-ee50-4af0-800d-f7f228ed7cae;Сварочник;1.0
2026-05-25T06:02:11.886498Z;9435ff12-0bef-453e-8f85-1c2898c56013;Лампочка;100.0
2026-05-25T06:02:11.886498Z;9435ff12-0bef-453e-8f85-1c2898c56013;Лампочка;2700.0
2026-05-25T06:02:11.886498Z;9435ff12-0bef-453e-8f85-1c2898c56013;Лампочка;0.0
2026-05-25T06:02:11.886498Z;ae02804f-ee50-4af0-800d-f7f228ed7cae;Сварочник;1.0
2026-05-25T06:02:27.054109Z;9435ff12-0bef-453e-8f85-1c2898c56013;Лампочка;100.0
2026-05-25T06:02:27.054109Z;9435ff12-0bef-453e-8f85-1c2898c56013;Лампочка;2700.0
2026-05-25T06:02:27.054109Z;9435ff12-0bef-453e-8f85-1c2898c56013;Лампочка;0.0
2026-05-25T06:02:27.054109Z;ae02804f-ee50-4af0-800d-f7f228ed7cae;Сварочник;1.0
2026-05-25T06:02:42.226116Z;9435ff12-0bef-453e-8f85-1c2898c56013;Лампочка;100.0
2026-05-25T06:02:42.226116Z;9435ff12-0bef-453e-8f85-1c2898c56013;Лампочка;2700.0
2026-05-25T06:02:42.226116Z;9435ff12-0bef-453e-8f85-1c2898c56013;Лампочка;0.0
2026-05-25T06:02:42.226116Z;ae02804f-ee50-4af0-800d-f7f228ed7cae;Сварочник;1.0
2026-05-25T06:02:57.384127Z;9435ff12-0bef-453e-8f85-1c2898c56013;Лампочка;100.0
2026-05-25T06:02:57.384127Z;9435ff12-0bef-453e-8f85-1c2898c56013;Лампочка;2700.0
2026-05-25T06:02:57.384127Z;9435ff12-0bef-453e-8f85-1c2898c56013;Лампочка;0.0
2026-05-25T06:02:57.384127Z;ae02804f-ee50-4af0-800d-f7f228ed7cae;Сварочник;1.0
2026-05-25T06:03:12.553513Z;9435ff12-0bef-453e-8f85-1c2898c56013;Лампочка;100.0
2026-05-25T06:03:12.553513Z;9435ff12-0bef-453e-8f85-1c2898c56013;Лампочка;2700.0
2026-05-25T06:03:12.553513Z;9435ff12-0bef-453e-8f85-1c2898c56013;Лампочка;0.0
2026-05-25T06:03:12.553513Z;ae02804f-ee50-4af0-800d-f7f228ed7cae;Сварочник;1.0
2026-05-25T06:03:27.715645Z;9435ff12-0bef-453e-8f85-1c2898c56013;Лампочка;100.0
2026-05-25T06:03:27.715645Z;9435ff12-0bef-453e-8f85-1c2898c56013;Лампочка;2700.0
2026-05-25T06:03:27.715645Z;9435ff12-0bef-453e-8f85-1c2898c56013;Лампочка;0.0
2026-05-25T06:03:27.715645Z;ae02804f-ee50-4af0-800d-f7f228ed7cae;Сварочник;1.0
2026-05-25T06:03:42.883807Z;9435ff12-0bef-453e-8f85-1c2898c56013;Лампочка;100.0
2026-05-25T06:03:42.883807Z;9435ff12-0bef-453e-8f85-1c2898c56013;Лампочка;2700.0
2026-05-25T06:03:42.883807Z;9435ff12-0bef-453e-8f85-1c2898c56013;Лампочка;0.0
2026-05-25T06:03:42.883807Z;ae02804f-ee50-4af0-800d-f7f228ed7cae;Сварочник;1.0
2026-05-25T06:03:58.065391Z;9435ff12-0bef-453e-8f85-1c2898c56013;Лампочка;100.0
2026-05-25T06:03:58.065391Z;9435ff12-0bef-453e-8f85-1c2898c56013;Лампочка;2700.0
2026-05-25T06:03:58.065391Z;9435ff12-0bef-453e-8f85-1c2898c56013;Лампочка;0.0
2026-05-25T06:03:58.065391Z;ae02804f-ee50-4af0-800d-f7f228ed7cae;Сварочник;1.0
2026-05-25T06:04:13.233281Z;9435ff12-0bef-453e-8f85-1c2898c56013;Лампочка;100.0
2026-05-25T06:04:13.233281Z;9435ff12-0bef-453e-8f85-1c2898c56013;Лампочка;2700.0
2026-05-25T06:04:13.233281Z;9435ff12-0bef-453e-8f85-1c2898c56013;Лампочка;0.0
2026-05-25T06:04:13.233281Z;ae02804f-ee50-4af0-800d-f7f228ed7cae;Сварочник;1.0
2026-05-25T06:04:28.405295Z;9435ff12-0bef-453e-8f85-1c2898c56013;Лампочка;100.0
2026-05-25T06:04:28.405295Z;9435ff12-0bef-453e-8f85-1c2898c56013;Лампочка;2700.0
2026-05-25T06:04:28.405295Z;9435ff12-0bef-453e-8f85-1c2898c56013;Лампочка;0.0
2026-05-25T06:04:28.405295Z;ae02804f-ee50-4af0-800d-f7f228ed7cae;Сварочник;1.0
2026-05-25T06:04:43.571810Z;9435ff12-0bef-453e-8f85-1c2898c56013;Лампочка;100.0
2026-05-25T06:04:43.571810Z;9435ff12-0bef-453e-8f85-1c2898c56013;Лампочка;2700.0
2026-05-25T06:04:43.571810Z;9435ff12-0bef-453e-8f85-1c2898c56013;Лампочка;0.0
2026-05-25T06:04:43.571810Z;ae02804f-ee50-4af0-800d-f7f228ed7cae;Сварочник;1.0
2026-05-25T06:04:58.740631Z;9435ff12-0bef-453e-8f85-1c2898c56013;Лампочка;100.0
2026-05-25T06:04:58.740631Z;9435ff12-0bef-453e-8f85-1c2898c56013;Лампочка;2700.0
2026-05-25T06:04:58.740631Z;9435ff12-0bef-453e-8f85-1c2898c56013;Лампочка;0.0
2026-05-25T06:04:58.740631Z;ae02804f-ee50-4af0-800d-f7f228ed7cae;Сварочник;1.0
2026-05-25T06:05:13.906686Z;9435ff12-0bef-453e-8f85-1c2898c56013;Лампочка;100.0
2026-05-25T06:05:13.906686Z;9435ff12-0bef-453e-8f85-1c2898c56013;Лампочка;2700.0
2026-05-25T06:05:13.906686Z;9435ff12-0bef-453e-8f85-1c2898c56013;Лампочка;0.0
2026-05-25T06:05:13.906686Z;ae02804f-ee50-4af0-800d-f7f228ed7cae;Сварочник;1.0
2026-05-25T06:05:29.074446Z;9435ff12-0bef-453e-8f85-1c2898c56013;Лампочка;100.0
2026-05-25T06:05:29.074446Z;9435ff12-0bef-453e-8f85-1c2898c56013;Лампочка;2700.0
2026-05-25T06:05:29.074446Z;9435ff12-0bef-453e-8f85-1c2898c56013;Лампочка;0.0
2026-05-25T06:05:29.074446Z;ae02804f-ee50-4af0-800d-f7f228ed7cae;Сварочник;1.0
2026-05-25T06:05:44.237740Z;9435ff12-0bef-453e-8f85-1c2898c56013;Лампочка;100.0
2026-05-25T06:05:44.237740Z;9435ff12-0bef-453e-8f85-1c2898c56013;Лампочка;2700.0
2026-05-25T06:05:44.237740Z;9435ff12-0bef-453e-8f85-1c2898c56013;Лампочка;0.0
2026-05-25T06:05:44.237740Z;ae02804f-ee50-4af0-800d-f7f228ed7cae;Сварочник;1.0
2026-05-25T06:05:59.398406Z;9435ff12-0bef-453e-8f85-1c2898c56013;Лампочка;100.0
2026-05-25T06:05:59.398406Z;9435ff12-0bef-453e-8f85-1c2898c56013;Лампочка;2700.0
2026-05-25T06:05:59.398406Z;9435ff12-0bef-453e-8f85-1c2898c56013;Лампочка;0.0
2026-05-25T06:05:59.398406Z;ae02804f-ee50-4af0-800d-f7f228ed7cae;Сварочник;1.0
2026-05-25T06:06:14.573040Z;9435ff12-0bef-453e-8f85-1c2898c56013;Лампочка;100.0
2026-05-25T06:06:14.573040Z;9435ff12-0bef-453e-8f85-1c2898c56013;Лампочка;2700.0
2026-05-25T06:06:14.573040Z;9435ff12-0bef-453e-8f85-1c2898c56013;Лампочка;0.0
2026-05-25T06:06:14.573040Z;ae02804f-ee50-4af0-800d-f7f228ed7cae;Сварочник;1.0
2026-05-25T06:06:29.745897Z;9435ff12-0bef-453e-8f85-1c2898c56013;Лампочка;100.0
2026-05-25T06:06:29.745897Z;9435ff12-0bef-453e-8f85-1c2898c56013;Лампочка;2700.0
2026-05-25T06:06:29.745897Z;9435ff12-0bef-453e-8f85-1c2898c56013;Лампочка;0.0
2026-05-25T06:06:29.745897Z;ae02804f-ee50-4af0-800d-f7f228ed7cae;Сварочник;1.0
2026-05-25T06:06:44.922916Z;9435ff12-0bef-453e-8f85-1c2898c56013;Лампочка;100.0
2026-05-25T06:06:44.922916Z;9435ff12-0bef-453e-8f85-1c2898c56013;Лампочка;2700.0
2026-05-25T06:06:44.922916Z;9435ff12-0bef-453e-8f85-1c2898c56013;Лампочка;0.0
2026-05-25T06:06:44.922916Z;ae02804f-ee50-4af0-800d-f7f228ed7cae;Сварочник;1.0
2026-05-25T06:07:00.093188Z;9435ff12-0bef-453e-8f85-1c2898c56013;Лампочка;100.0
2026-05-25T06:07:00.093188Z;9435ff12-0bef-453e-8f85-1c2898c56013;Лампочка;2700.0
2026-05-25T06:07:00.093188Z;9435ff12-0bef-453e-8f85-1c2898c56013;Лампочка;0.0
2026-05-25T06:07:00.093188Z;ae02804f-ee50-4af0-800d-f7f228ed7cae;Сварочник;1.0
2026-05-25T06:07:15.264276Z;9435ff12-0bef-453e-8f85-1c2898c56013;Лампочка;100.0
2026-05-25T06:07:15.264276Z;9435ff12-0bef-453e-8f85-1c2898c56013;Лампочка;2700.0
2026-05-25T06:07:15.264276Z;9435ff12-0bef-453e-8f85-1c2898c56013;Лампочка;0.0
2026-05-25T06:07:15.264276Z;ae02804f-ee50-4af0-800d-f7f228ed7cae;Сварочник;1.0
2026-05-25T06:07:30.436610Z;9435ff12-0bef-453e-8f85-1c2898c56013;Лампочка;100.0
2026-05-25T06:07:30.436610Z;9435ff12-0bef-453e-8f85-1c2898c56013;Лампочка;2700.0
2026-05-25T06:07:30.436610Z;9435ff12-0bef-453e-8f85-1c2898c56013;Лампочка;0.0
2026-05-25T06:07:30.436610Z;ae02804f-ee50-4af0-800d-f7f228ed7cae;Сварочник;1.0
2026-05-25T06:07:45.609025Z;9435ff12-0bef-453e-8f85-1c2898c56013;Лампочка;100.0
2026-05-25T06:07:45.609025Z;9435ff12-0bef-453e-8f85-1c2898c56013;Лампочка;2700.0
2026-05-25T06:07:45.609025Z;9435ff12-0bef-453e-8f85-1c2898c56013;Лампочка;0.0
2026-05-25T06:07:45.609025Z;ae02804f-ee50-4af0-800d-f7f228ed7cae;Сварочник;1.0
2026-05-25T06:08:00.782294Z;9435ff12-0bef-453e-8f85-1c2898c56013;Лампочка;100.0
2026-05-25T06:08:00.782294Z;9435ff12-0bef-453e-8f85-1c2898c56013;Лампочка;2700.0
2026-05-25T06:08:00.782294Z;9435ff12-0bef-453e-8f85-1c2898c56013;Лампочка;0.0
2026-05-25T06:08:00.782294Z;ae02804f-ee50-4af0-800d-f7f228ed7cae;Сварочник;1.0
2026-05-25T06:08:15.952821Z;9435ff12-0bef-453e-8f85-1c2898c56013;Лампочка;100.0
2026-05-25T06:08:15.952821Z;9435ff12-0bef-453e-8f85-1c2898c56013;Лампочка;2700.0
2026-05-25T06:08:15.952821Z;9435ff12-0bef-453e-8f85-1c2898c56013;Лампочка;0.0
2026-05-25T06:08:15.952821Z;ae02804f-ee50-4af0-800d-f7f228ed7cae;Сварочник;1.0
2026-05-25T06:08:31.114619Z;9435ff12-0bef-453e-8f85-1c2898c56013;Лампочка;100.0
2026-05-25T06:08:31.114619Z;9435ff12-0bef-453e-8f85-1c2898c56013;Лампочка;2700.0
2026-05-25T06:08:31.114619Z;9435ff12-0bef-453e-8f85-1c2898c56013;Лампочка;0.0
2026-05-25T06:08:31.114619Z;ae02804f-ee50-4af0-800d-f7f228ed7cae;Сварочник;1.0
2026-05-25T06:08:46.289896Z;9435ff12-0bef-453e-8f85-1c2898c56013;Лампочка;100.0
2026-05-25T06:08:46.289896Z;9435ff12-0bef-453e-8f85-1c2898c56013;Лампочка;2700.0
2026-05-25T06:08:46.289896Z;9435ff12-0bef-453e-8f85-1c2898c56013;Лампочка;0.0
2026-05-25T06:08:46.289896Z;ae02804f-ee50-4af0-800d-f7f228ed7cae;Сварочник;1.0
2026-05-25T06:09:01.446931Z;9435ff12-0bef-453e-8f85-1c2898c56013;Лампочка;100.0
2026-05-25T06:09:01.446931Z;9435ff12-0bef-453e-8f85-1c2898c56013;Лампочка;2700.0
2026-05-25T06:09:01.446931Z;9435ff12-0bef-453e-8f85-1c2898c56013;Лампочка;0.0
2026-05-25T06:09:01.446931Z;ae02804f-ee50-4af0-800d-f7f228ed7cae;Сварочник;1.0
2026-05-25T06:09:16.628489Z;9435ff12-0bef-453e-8f85-1c2898c56013;Лампочка;100.0
2026-05-25T06:09:16.628489Z;9435ff12-0bef-453e-8f85-1c2898c56013;Лампочка;2700.0
2026-05-25T06:09:16.628489Z;9435ff12-0bef-453e-8f85-1c2898c56013;Лампочка;0.0
2026-05-25T06:09:16.628489Z;ae02804f-ee50-4af0-800d-f7f228ed7cae;Сварочник;1.0
2026-05-25T06:09:31.788816Z;9435ff12-0bef-453e-8f85-1c2898c56013;Лампочка;100.0
2026-05-25T06:09:31.788816Z;9435ff12-0bef-453e-8f85-1c2898c56013;Лампочка;2700.0
2026-05-25T06:09:31.788816Z;9435ff12-0bef-453e-8f85-1c2898c56013;Лампочка;0.0
2026-05-25T06:09:31.788816Z;ae02804f-ee50-4af0-800d-f7f228ed7cae;Сварочник;1.0
2026-05-25T06:09:46.953788Z;9435ff12-0bef-453e-8f85-1c2898c56013;Лампочка;100.0
2026-05-25T06:09:46.953788Z;9435ff12-0bef-453e-8f85-1c2898c56013;Лампочка;2700.0
2026-05-25T06:09:46.953788Z;9435ff12-0bef-453e-8f85-1c2898c56013;Лампочка;0.0
2026-05-25T06:09:46.953788Z;ae02804f-ee50-4af0-800d-f7f228ed7cae;Сварочник;1.0
2026-05-25T06:10:02.133463Z;9435ff12-0bef-453e-8f85-1c2898c56013;Лампочка;100.0
2026-05-25T06:10:02.133463Z;9435ff12-0bef-453e-8f85-1c2898c56013;Лампочка;2700.0
2026-05-25T06:10:02.133463Z;9435ff12-0bef-453e-8f85-1c2898c56013;Лампочка;0.0
2026-05-25T06:10:02.133463Z;ae02804f-ee50-4af0-800d-f7f228ed7cae;Сварочник;1.0
2026-05-25T06:10:17.308544Z;9435ff12-0bef-453e-8f85-1c2898c56013;Лампочка;100.0
2026-05-25T06:10:17.308544Z;9435ff12-0bef-453e-8f85-1c2898c56013;Лампочка;2700.0
2026-05-25T06:10:17.308544Z;9435ff12-0bef-453e-8f85-1c2898c56013;Лампочка;0.0
2026-05-25T06:10:17.308544Z;ae02804f-ee50-4af0-800d-f7f228ed7cae;Сварочник;1.0
2026-05-25T06:10:32.489019Z;9435ff12-0bef-453e-8f85-1c2898c56013;Лампочка;100.0
2026-05-25T06:10:32.489019Z;9435ff12-0bef-453e-8f85-1c2898c56013;Лампочка;2700.0
2026-05-25T06:10:32.489019Z;9435ff12-0bef-453e-8f85-1c2898c56013;Лампочка;0.0
2026-05-25T06:10:32.489019Z;ae02804f-ee50-4af0-800d-f7f228ed7cae;Сварочник;1.0
2026-05-25T06:10:47.652250Z;9435ff12-0bef-453e-8f85-1c2898c56013;Лампочка;100.0
2026-05-25T06:10:47.652250Z;9435ff12-0bef-453e-8f85-1c2898c56013;Лампочка;2700.0
2026-05-25T06:10:47.652250Z;9435ff12-0bef-453e-8f85-1c2898c56013;Лампочка;0.0
2026-05-25T06:10:47.652250Z;ae02804f-ee50-4af0-800d-f7f228ed7cae;Сварочник;1.0
2026-05-25T06:11:02.821590Z;9435ff12-0bef-453e-8f85-1c2898c56013;Лампочка;100.0
2026-05-25T06:11:02.821590Z;9435ff12-0bef-453e-8f85-1c2898c56013;Лампочка;2700.0
2026-05-25T06:11:02.821590Z;9435ff12-0bef-453e-8f85-1c2898c56013;Лампочка;0.0
2026-05-25T06:11:02.821590Z;ae02804f-ee50-4af0-800d-f7f228ed7cae;Сварочник;1.0
2026-05-25T06:11:17.998198Z;9435ff12-0bef-453e-8f85-1c2898c56013;Лампочка;100.0
2026-05-25T06:11:17.998198Z;9435ff12-0bef-453e-8f85-1c2898c56013;Лампочка;2700.0
2026-05-25T06:11:17.998198Z;9435ff12-0bef-453e-8f85-1c2898c56013;Лампочка;0.0
2026-05-25T06:11:17.998198Z;ae02804f-ee50-4af0-800d-f7f228ed7cae;Сварочник;1.0
2026-05-25T06:11:33.163466Z;9435ff12-0bef-453e-8f85-1c2898c56013;Лампочка;100.0
2026-05-25T06:11:33.163466Z;9435ff12-0bef-453e-8f85-1c2898c56013;Лампочка;2700.0
2026-05-25T06:11:33.163466Z;9435ff12-0bef-453e-8f85-1c2898c56013;Лампочка;0.0
2026-05-25T06:11:33.163466Z;ae02804f-ee50-4af0-800d-f7f228ed7cae;Сварочник;1.0
2026-05-25T06:11:48.333992Z;9435ff12-0bef-453e-8f85-1c2898c56013;Лампочка;100.0
2026-05-25T06:11:48.333992Z;9435ff12-0bef-453e-8f85-1c2898c56013;Лампочка;2700.0
2026-05-25T06:11:48.333992Z;9435ff12-0bef-453e-8f85-1c2898c56013;Лампочка;0.0
2026-05-25T06:11:48.333992Z;ae02804f-ee50-4af0-800d-f7f228ed7cae;Сварочник;1.0
2026-05-25T06:12:03.498250Z;9435ff12-0bef-453e-8f85-1c2898c56013;Лампочка;100.0
2026-05-25T06:12:03.498250Z;9435ff12-0bef-453e-8f85-1c2898c56013;Лампочка;2700.0
2026-05-25T06:12:03.498250Z;9435ff12-0bef-453e-8f85-1c2898c56013;Лампочка;0.0
2026-05-25T06:12:03.498250Z;ae02804f-ee50-4af0-800d-f7f228ed7cae;Сварочник;1.0
2026-05-25T06:12:18.662024Z;9435ff12-0bef-453e-8f85-1c2898c56013;Лампочка;100.0
2026-05-25T06:12:18.662024Z;9435ff12-0bef-453e-8f85-1c2898c56013;Лампочка;2700.0
2026-05-25T06:12:18.662024Z;9435ff12-0bef-453e-8f85-1c2898c56013;Лампочка;0.0
2026-05-25T06:12:18.662024Z;ae02804f-ee50-4af0-800d-f7f228ed7cae;Сварочник;1.0
2026-05-25T06:12:33.834818Z;9435ff12-0bef-453e-8f85-1c2898c56013;Лампочка;100.0
2026-05-25T06:12:33.834818Z;9435ff12-0bef-453e-8f85-1c2898c56013;Лампочка;2700.0
2026-05-25T06:12:33.834818Z;9435ff12-0bef-453e-8f85-1c2898c56013;Лампочка;0.0
2026-05-25T06:12:33.834818Z;ae02804f-ee50-4af0-800d-f7f228ed7cae;Сварочник;1.0
2026-05-25T06:12:49.004708Z;9435ff12-0bef-453e-8f85-1c2898c56013;Лампочка;100.0
2026-05-25T06:12:49.004708Z;9435ff12-0bef-453e-8f85-1c2898c56013;Лампочка;2700.0
2026-05-25T06:12:49.004708Z;9435ff12-0bef-453e-8f85-1c2898c56013;Лампочка;0.0
2026-05-25T06:12:49.004708Z;ae02804f-ee50-4af0-800d-f7f228ed7cae;Сварочник;1.0
2026-05-25T06:13:04.183114Z;9435ff12-0bef-453e-8f85-1c2898c56013;Лампочка;100.0
2026-05-25T06:13:04.183114Z;9435ff12-0bef-453e-8f85-1c2898c56013;Лампочка;2700.0
2026-05-25T06:13:04.183114Z;9435ff12-0bef-453e-8f85-1c2898c56013;Лампочка;0.0
2026-05-25T06:13:04.183114Z;ae02804f-ee50-4af0-800d-f7f228ed7cae;Сварочник;1.0
2026-05-25T06:13:19.368849Z;9435ff12-0bef-453e-8f85-1c2898c56013;Лампочка;100.0
2026-05-25T06:13:19.368849Z;9435ff12-0bef-453e-8f85-1c2898c56013;Лампочка;2700.0
2026-05-25T06:13:19.368849Z;9435ff12-0bef-453e-8f85-1c2898c56013;Лампочка;0.0
2026-05-25T06:13:19.368849Z;ae02804f-ee50-4af0-800d-f7f228ed7cae;Сварочник;1.0
2026-05-25T06:13:34.534396Z;9435ff12-0bef-453e-8f85-1c2898c56013;Лампочка;100.0
2026-05-25T06:13:34.534396Z;9435ff12-0bef-453e-8f85-1c2898c56013;Лампочка;2700.0
2026-05-25T06:13:34.534396Z;9435ff12-0bef-453e-8f85-1c2898c56013;Лампочка;0.0
2026-05-25T06:13:34.534396Z;ae02804f-ee50-4af0-800d-f7f228ed7cae;Сварочник;1.0
2026-05-25T06:13:49.715834Z;9435ff12-0bef-453e-8f85-1c2898c56013;Лампочка;100.0
2026-05-25T06:13:49.715834Z;9435ff12-0bef-453e-8f85-1c2898c56013;Лампочка;2700.0
2026-05-25T06:13:49.715834Z;9435ff12-0bef-453e-8f85-1c2898c56013;Лампочка;0.0
2026-05-25T06:13:49.715834Z;ae02804f-ee50-4af0-800d-f7f228ed7cae;Сварочник;1.0
2026-05-25T06:14:04.889441Z;9435ff12-0bef-453e-8f85-1c2898c56013;Лампочка;100.0
2026-05-25T06:14:04.889441Z;9435ff12-0bef-453e-8f85-1c2898c56013;Лампочка;2700.0
2026-05-25T06:14:04.889441Z;9435ff12-0bef-453e-8f85-1c2898c56013;Лампочка;0.0
2026-05-25T06:14:04.889441Z;ae02804f-ee50-4af0-800d-f7f228ed7cae;Сварочник;1.0
2026-05-25T06:14:20.059153Z;9435ff12-0bef-453e-8f85-1c2898c56013;Лампочка;100.0
2026-05-25T06:14:20.059153Z;9435ff12-0bef-453e-8f85-1c2898c56013;Лампочка;2700.0
2026-05-25T06:14:20.059153Z;9435ff12-0bef-453e-8f85-1c2898c56013;Лампочка;0.0
2026-05-25T06:14:20.059153Z;ae02804f-ee50-4af0-800d-f7f228ed7cae;Сварочник;1.0
2026-05-25T06:14:35.222575Z;9435ff12-0bef-453e-8f85-1c2898c56013;Лампочка;100.0
2026-05-25T06:14:35.222575Z;9435ff12-0bef-453e-8f85-1c2898c56013;Лампочка;2700.0
2026-05-25T06:14:35.222575Z;9435ff12-0bef-453e-8f85-1c2898c56013;Лампочка;0.0
2026-05-25T06:14:35.222575Z;ae02804f-ee50-4af0-800d-f7f228ed7cae;Сварочник;1.0
2026-05-25T06:14:50.396551Z;9435ff12-0bef-453e-8f85-1c2898c56013;Лампочка;100.0
2026-05-25T06:14:50.396551Z;9435ff12-0bef-453e-8f85-1c2898c56013;Лампочка;2700.0
2026-05-25T06:14:50.396551Z;9435ff12-0bef-453e-8f85-1c2898c56013;Лампочка;0.0
2026-05-25T06:14:50.396551Z;ae02804f-ee50-4af0-800d-f7f228ed7cae;Сварочник;1.0
2026-05-25T06:15:05.565889Z;9435ff12-0bef-453e-8f85-1c2898c56013;Лампочка;100.0
2026-05-25T06:15:05.565889Z;9435ff12-0bef-453e-8f85-1c2898c56013;Лампочка;2700.0
2026-05-25T06:15:05.565889Z;9435ff12-0bef-453e-8f85-1c2898c56013;Лампочка;0.0
2026-05-25T06:15:05.565889Z;ae02804f-ee50-4af0-800d-f7f228ed7cae;Сварочник;1.0
2026-05-25T06:15:20.733421Z;9435ff12-0bef-453e-8f85-1c2898c56013;Лампочка;100.0
2026-05-25T06:15:20.733421Z;9435ff12-0bef-453e-8f85-1c2898c56013;Лампочка;2700.0
2026-05-25T06:15:20.733421Z;9435ff12-0bef-453e-8f85-1c2898c56013;Лампочка;0.0
2026-05-25T06:15:20.733421Z;ae02804f-ee50-4af0-800d-f7f228ed7cae;Сварочник;1.0
2026-05-25T06:15:35.904221Z;9435ff12-0bef-453e-8f85-1c2898c56013;Лампочка;100.0
2026-05-25T06:15:35.904221Z;9435ff12-0bef-453e-8f85-1c2898c56013;Лампочка;2700.0
2026-05-25T06:15:35.904221Z;9435ff12-0bef-453e-8f85-1c2898c56013;Лампочка;0.0
2026-05-25T06:15:35.904221Z;ae02804f-ee50-4af0-800d-f7f228ed7cae;Сварочник;1.0
2026-05-25T06:15:51.072068Z;9435ff12-0bef-453e-8f85-1c2898c56013;Лампочка;100.0
2026-05-25T06:15:51.072068Z;9435ff12-0bef-453e-8f85-1c2898c56013;Лампочка;2700.0
2026-05-25T06:15:51.072068Z;9435ff12-0bef-453e-8f85-1c2898c56013;Лампочка;0.0
2026-05-25T06:15:51.072068Z;ae02804f-ee50-4af0-800d-f7f228ed7cae;Сварочник;1.0
2026-05-25T06:16:06.247235Z;9435ff12-0bef-453e-8f85-1c2898c56013;Лампочка;100.0
2026-05-25T06:16:06.247235Z;9435ff12-0bef-453e-8f85-1c2898c56013;Лампочка;2700.0
2026-05-25T06:16:06.247235Z;9435ff12-0bef-453e-8f85-1c2898c56013;Лампочка;0.0
2026-05-25T06:16:06.247235Z;ae02804f-ee50-4af0-800d-f7f228ed7cae;Сварочник;1.0
2026-05-25T06:16:21.413811Z;9435ff12-0bef-453e-8f85-1c2898c56013;Лампочка;100.0
2026-05-25T06:16:21.413811Z;9435ff12-0bef-453e-8f85-1c2898c56013;Лампочка;2700.0
2026-05-25T06:16:21.413811Z;9435ff12-0bef-453e-8f85-1c2898c56013;Лампочка;0.0
2026-05-25T06:16:21.413811Z;ae02804f-ee50-4af0-800d-f7f228ed7cae;Сварочник;1.0
2026-05-25T06:16:36.591369Z;9435ff12-0bef-453e-8f85-1c2898c56013;Лампочка;100.0
2026-05-25T06:16:36.591369Z;9435ff12-0bef-453e-8f85-1c2898c56013;Лампочка;2700.0
2026-05-25T06:16:36.591369Z;9435ff12-0bef-453e-8f85-1c2898c56013;Лампочка;0.0
2026-05-25T06:16:36.591369Z;ae02804f-ee50-4af0-800d-f7f228ed7cae;Сварочник;1.0
2026-05-25T06:16:51.753105Z;9435ff12-0bef-453e-8f85-1c2898c56013;Лампочка;100.0
2026-05-25T06:16:51.753105Z;9435ff12-0bef-453e-8f85-1c2898c56013;Лампочка;2700.0
2026-05-25T06:16:51.753105Z;9435ff12-0bef-453e-8f85-1c2898c56013;Лампочка;0.0
2026-05-25T06:16:51.753105Z;ae02804f-ee50-4af0-800d-f7f228ed7cae;Сварочник;1.0
2026-05-25T06:17:06.923860Z;9435ff12-0bef-453e-8f85-1c2898c56013;Лампочка;100.0
2026-05-25T06:17:06.923860Z;9435ff12-0bef-453e-8f85-1c2898c56013;Лампочка;2700.0
2026-05-25T06:17:06.923860Z;9435ff12-0bef-453e-8f85-1c2898c56013;Лампочка;0.0
2026-05-25T06:17:06.923860Z;ae02804f-ee50-4af0-800d-f7f228ed7cae;Сварочник;1.0
2026-05-25T06:17:22.097678Z;9435ff12-0bef-453e-8f85-1c2898c56013;Лампочка;100.0
2026-05-25T06:17:22.097678Z;9435ff12-0bef-453e-8f85-1c2898c56013;Лампочка;2700.0
2026-05-25T06:17:22.097678Z;9435ff12-0bef-453e-8f85-1c2898c56013;Лампочка;0.0
2026-05-25T06:17:22.097678Z;ae02804f-ee50-4af0-800d-f7f228ed7cae;Сварочник;1.0
2026-05-25T06:17:37.269365Z;9435ff12-0bef-453e-8f85-1c2898c56013;Лампочка;100.0
2026-05-25T06:17:37.269365Z;9435ff12-0bef-453e-8f85-1c2898c56013;Лампочка;2700.0
2026-05-25T06:17:37.269365Z;9435ff12-0bef-453e-8f85-1c2898c56013;Лампочка;0.0
2026-05-25T06:17:37.269365Z;ae02804f-ee50-4af0-800d-f7f228ed7cae;Сварочник;1.0
2026-05-25T06:17:52.435245Z;9435ff12-0bef-453e-8f85-1c2898c56013;Лампочка;100.0
2026-05-25T06:17:52.435245Z;9435ff12-0bef-453e-8f85-1c2898c56013;Лампочка;2700.0
2026-05-25T06:17:52.435245Z;9435ff12-0bef-453e-8f85-1c2898c56013;Лампочка;0.0
2026-05-25T06:17:52.435245Z;ae02804f-ee50-4af0-800d-f7f228ed7cae;Сварочник;1.0
2026-05-25T06:18:07.606718Z;9435ff12-0bef-453e-8f85-1c2898c56013;Лампочка;100.0
2026-05-25T06:18:07.606718Z;9435ff12-0bef-453e-8f85-1c2898c56013;Лампочка;2700.0
2026-05-25T06:18:07.606718Z;9435ff12-0bef-453e-8f85-1c2898c56013;Лампочка;0.0
2026-05-25T06:18:07.606718Z;ae02804f-ee50-4af0-800d-f7f228ed7cae;Сварочник;1.0
2026-05-25T06:18:22.775193Z;9435ff12-0bef-453e-8f85-1c2898c56013;Лампочка;100.0
2026-05-25T06:18:22.775193Z;9435ff12-0bef-453e-8f85-1c2898c56013;Лампочка;2700.0
2026-05-25T06:18:22.775193Z;9435ff12-0bef-453e-8f85-1c2898c56013;Лампочка;0.0
2026-05-25T06:18:22.775193Z;ae02804f-ee50-4af0-800d-f7f228ed7cae;Сварочник;1.0
2026-05-25T06:18:37.935412Z;9435ff12-0bef-453e-8f85-1c2898c56013;Лампочка;100.0
2026-05-25T06:18:37.935412Z;9435ff12-0bef-453e-8f85-1c2898c56013;Лампочка;2700.0
2026-05-25T06:18:37.935412Z;9435ff12-0bef-453e-8f85-1c2898c56013;Лампочка;0.0
2026-05-25T06:18:37.935412Z;ae02804f-ee50-4af0-800d-f7f228ed7cae;Сварочник;1.0
2026-05-25T06:18:53.093210Z;9435ff12-0bef-453e-8f85-1c2898c56013;Лампочка;100.0
2026-05-25T06:18:53.093210Z;9435ff12-0bef-453e-8f85-1c2898c56013;Лампочка;2700.0
2026-05-25T06:18:53.093210Z;9435ff12-0bef-453e-8f85-1c2898c56013;Лампочка;0.0
2026-05-25T06:18:53.093210Z;ae02804f-ee50-4af0-800d-f7f228ed7cae;Сварочник;1.0
2026-05-25T06:19:08.273006Z;9435ff12-0bef-453e-8f85-1c2898c56013;Лампочка;100.0
2026-05-25T06:19:08.273006Z;9435ff12-0bef-453e-8f85-1c2898c56013;Лампочка;2700.0
2026-05-25T06:19:08.273006Z;9435ff12-0bef-453e-8f85-1c2898c56013;Лампочка;0.0
2026-05-25T06:19:08.273006Z;ae02804f-ee50-4af0-800d-f7f228ed7cae;Сварочник;1.0
2026-05-25T06:19:23.448200Z;9435ff12-0bef-453e-8f85-1c2898c56013;Лампочка;100.0
2026-05-25T06:19:23.448200Z;9435ff12-0bef-453e-8f85-1c2898c56013;Лампочка;2700.0
2026-05-25T06:19:23.448200Z;9435ff12-0bef-453e-8f85-1c2898c56013;Лампочка;0.0
2026-05-25T06:19:23.448200Z;ae02804f-ee50-4af0-800d-f7f228ed7cae;Сварочник;1.0
2026-05-25T06:19:38.613665Z;9435ff12-0bef-453e-8f85-1c2898c56013;Лампочка;100.0
2026-05-25T06:19:38.613665Z;9435ff12-0bef-453e-8f85-1c2898c56013;Лампочка;2700.0
2026-05-25T06:19:38.613665Z;9435ff12-0bef-453e-8f85-1c2898c56013;Лампочка;0.0
2026-05-25T06:19:38.613665Z;ae02804f-ee50-4af0-800d-f7f228ed7cae;Сварочник;1.0
2026-05-25T06:19:53.778396Z;9435ff12-0bef-453e-8f85-1c2898c56013;Лампочка;100.0
2026-05-25T06:19:53.778396Z;9435ff12-0bef-453e-8f85-1c2898c56013;Лампочка;2700.0
2026-05-25T06:19:53.778396Z;9435ff12-0bef-453e-8f85-1c2898c56013;Лампочка;0.0
2026-05-25T06:19:53.778396Z;ae02804f-ee50-4af0-800d-f7f228ed7cae;Сварочник;1.0
2026-05-25T06:20:08.943995Z;9435ff12-0bef-453e-8f85-1c2898c56013;Лампочка;100.0
2026-05-25T06:20:08.943995Z;9435ff12-0bef-453e-8f85-1c2898c56013;Лампочка;2700.0
2026-05-25T06:20:08.943995Z;9435ff12-0bef-453e-8f85-1c2898c56013;Лампочка;0.0
2026-05-25T06:20:08.943995Z;ae02804f-ee50-4af0-800d-f7f228ed7cae;Сварочник;1.0
2026-05-25T06:20:24.109902Z;9435ff12-0bef-453e-8f85-1c2898c56013;Лампочка;100.0
2026-05-25T06:20:24.109902Z;9435ff12-0bef-453e-8f85-1c2898c56013;Лампочка;2700.0
2026-05-25T06:20:24.109902Z;9435ff12-0bef-453e-8f85-1c2898c56013;Лампочка;0.0
2026-05-25T06:20:24.109902Z;ae02804f-ee50-4af0-800d-f7f228ed7cae;Сварочник;1.0
2026-05-25T06:20:39.286240Z;9435ff12-0bef-453e-8f85-1c2898c56013;Лампочка;100.0
2026-05-25T06:20:39.286240Z;9435ff12-0bef-453e-8f85-1c2898c56013;Лампочка;2700.0
2026-05-25T06:20:39.286240Z;9435ff12-0bef-453e-8f85-1c2898c56013;Лампочка;0.0
2026-05-25T06:20:39.286240Z;ae02804f-ee50-4af0-800d-f7f228ed7cae;Сварочник;1.0
2026-05-25T06:20:54.454069Z;9435ff12-0bef-453e-8f85-1c2898c56013;Лампочка;100.0
2026-05-25T06:20:54.454069Z;9435ff12-0bef-453e-8f85-1c2898c56013;Лампочка;2700.0
2026-05-25T06:20:54.454069Z;9435ff12-0bef-453e-8f85-1c2898c56013;Лампочка;0.0
2026-05-25T06:20:54.454069Z;ae02804f-ee50-4af0-800d-f7f228ed7cae;Сварочник;1.0
2026-05-25T06:21:09.622062Z;9435ff12-0bef-453e-8f85-1c2898c56013;Лампочка;100.0
2026-05-25T06:21:09.622062Z;9435ff12-0bef-453e-8f85-1c2898c56013;Лампочка;2700.0
2026-05-25T06:21:09.622062Z;9435ff12-0bef-453e-8f85-1c2898c56013;Лампочка;0.0
2026-05-25T06:21:09.622062Z;ae02804f-ee50-4af0-800d-f7f228ed7cae;Сварочник;1.0
2026-05-25T06:21:24.788026Z;9435ff12-0bef-453e-8f85-1c2898c56013;Лампочка;100.0
2026-05-25T06:21:24.788026Z;9435ff12-0bef-453e-8f85-1c2898c56013;Лампочка;2700.0
2026-05-25T06:21:24.788026Z;9435ff12-0bef-453e-8f85-1c2898c56013;Лампочка;0.0
2026-05-25T06:21:24.788026Z;ae02804f-ee50-4af0-800d-f7f228ed7cae;Сварочник;1.0
2026-05-25T06:21:39.943595Z;9435ff12-0bef-453e-8f85-1c2898c56013;Лампочка;100.0
2026-05-25T06:21:39.943595Z;9435ff12-0bef-453e-8f85-1c2898c56013;Лампочка;2700.0
2026-05-25T06:21:39.943595Z;9435ff12-0bef-453e-8f85-1c2898c56013;Лампочка;0.0
2026-05-25T06:21:39.943595Z;ae02804f-ee50-4af0-800d-f7f228ed7cae;Сварочник;1.0
2026-05-25T06:21:55.136055Z;9435ff12-0bef-453e-8f85-1c2898c56013;Лампочка;100.0
2026-05-25T06:21:55.136055Z;9435ff12-0bef-453e-8f85-1c2898c56013;Лампочка;2700.0
2026-05-25T06:21:55.136055Z;9435ff12-0bef-453e-8f85-1c2898c56013;Лампочка;0.0
2026-05-25T06:21:55.136055Z;ae02804f-ee50-4af0-800d-f7f228ed7cae;Сварочник;1.0
2026-05-25T06:22:10.303443Z;9435ff12-0bef-453e-8f85-1c2898c56013;Лампочка;100.0
2026-05-25T06:22:10.303443Z;9435ff12-0bef-453e-8f85-1c2898c56013;Лампочка;2700.0
2026-05-25T06:22:10.303443Z;9435ff12-0bef-453e-8f85-1c2898c56013;Лампочка;0.0
2026-05-25T06:22:10.303443Z;ae02804f-ee50-4af0-800d-f7f228ed7cae;Сварочник;1.0
2026-05-25T06:22:25.487668Z;9435ff12-0bef-453e-8f85-1c2898c56013;Лампочка;100.0
2026-05-25T06:22:25.487668Z;9435ff12-0bef-453e-8f85-1c2898c56013;Лампочка;2700.0
2026-05-25T06:22:25.487668Z;9435ff12-0bef-453e-8f85-1c2898c56013;Лампочка;0.0
2026-05-25T06:22:25.487668Z;ae02804f-ee50-4af0-800d-f7f228ed7cae;Сварочник;1.0
2026-05-25T06:22:40.668291Z;9435ff12-0bef-453e-8f85-1c2898c56013;Лампочка;100.0
2026-05-25T06:22:40.668291Z;9435ff12-0bef-453e-8f85-1c2898c56013;Лампочка;2700.0
2026-05-25T06:22:40.668291Z;9435ff12-0bef-453e-8f85-1c2898c56013;Лампочка;0.0
2026-05-25T06:22:40.668291Z;ae02804f-ee50-4af0-800d-f7f228ed7cae;Сварочник;1.0
2026-05-25T06:22:55.852292Z;9435ff12-0bef-453e-8f85-1c2898c56013;Лампочка;100.0
2026-05-25T06:22:55.852292Z;9435ff12-0bef-453e-8f85-1c2898c56013;Лампочка;2700.0
2026-05-25T06:22:55.852292Z;9435ff12-0bef-453e-8f85-1c2898c56013;Лампочка;0.0
2026-05-25T06:22:55.852292Z;ae02804f-ee50-4af0-800d-f7f228ed7cae;Сварочник;1.0
2026-05-25T06:23:11.029422Z;9435ff12-0bef-453e-8f85-1c2898c56013;Лампочка;100.0
2026-05-25T06:23:11.029422Z;9435ff12-0bef-453e-8f85-1c2898c56013;Лампочка;2700.0
2026-05-25T06:23:11.029422Z;9435ff12-0bef-453e-8f85-1c2898c56013;Лампочка;0.0
2026-05-25T06:23:11.029422Z;ae02804f-ee50-4af0-800d-f7f228ed7cae;Сварочник;1.0
2026-05-25T06:23:26.204423Z;9435ff12-0bef-453e-8f85-1c2898c56013;Лампочка;100.0
2026-05-25T06:23:26.204423Z;9435ff12-0bef-453e-8f85-1c2898c56013;Лампочка;2700.0
2026-05-25T06:23:26.204423Z;9435ff12-0bef-453e-8f85-1c2898c56013;Лампочка;0.0
2026-05-25T06:23:26.204423Z;ae02804f-ee50-4af0-800d-f7f228ed7cae;Сварочник;1.0
2026-05-25T06:23:41.382334Z;9435ff12-0bef-453e-8f85-1c2898c56013;Лампочка;100.0
2026-05-25T06:23:41.382334Z;9435ff12-0bef-453e-8f85-1c2898c56013;Лампочка;2700.0
2026-05-25T06:23:41.382334Z;9435ff12-0bef-453e-8f85-1c2898c56013;Лампочка;0.0
2026-05-25T06:23:41.382334Z;ae02804f-ee50-4af0-800d-f7f228ed7cae;Сварочник;1.0
2026-05-25T06:23:56.565904Z;9435ff12-0bef-453e-8f85-1c2898c56013;Лампочка;100.0
2026-05-25T06:23:56.565904Z;9435ff12-0bef-453e-8f85-1c2898c56013;Лампочка;2700.0
2026-05-25T06:23:56.565904Z;9435ff12-0bef-453e-8f85-1c2898c56013;Лампочка;0.0
2026-05-25T06:23:56.565904Z;ae02804f-ee50-4af0-800d-f7f228ed7cae;Сварочник;1.0
2026-05-25T06:24:11.746304Z;9435ff12-0bef-453e-8f85-1c2898c56013;Лампочка;100.0
2026-05-25T06:24:11.746304Z;9435ff12-0bef-453e-8f85-1c2898c56013;Лампочка;2700.0
2026-05-25T06:24:11.746304Z;9435ff12-0bef-453e-8f85-1c2898c56013;Лампочка;0.0
2026-05-25T06:24:11.746304Z;ae02804f-ee50-4af0-800d-f7f228ed7cae;Сварочник;1.0
2026-05-25T06:24:26.919718Z;9435ff12-0bef-453e-8f85-1c2898c56013;Лампочка;100.0
2026-05-25T06:24:26.919718Z;9435ff12-0bef-453e-8f85-1c2898c56013;Лампочка;2700.0
2026-05-25T06:24:26.919718Z;9435ff12-0bef-453e-8f85-1c2898c56013;Лампочка;0.0
2026-05-25T06:24:26.919718Z;ae02804f-ee50-4af0-800d-f7f228ed7cae;Сварочник;1.0
2026-05-25T06:24:42.089152Z;9435ff12-0bef-453e-8f85-1c2898c56013;Лампочка;100.0
2026-05-25T06:24:42.089152Z;9435ff12-0bef-453e-8f85-1c2898c56013;Лампочка;2700.0
2026-05-25T06:24:42.089152Z;9435ff12-0bef-453e-8f85-1c2898c56013;Лампочка;0.0
2026-05-25T06:24:42.089152Z;ae02804f-ee50-4af0-800d-f7f228ed7cae;Сварочник;1.0
2026-05-25T06:24:57.265357Z;9435ff12-0bef-453e-8f85-1c2898c56013;Лампочка;100.0
2026-05-25T06:24:57.265357Z;9435ff12-0bef-453e-8f85-1c2898c56013;Лампочка;2700.0
2026-05-25T06:24:57.265357Z;9435ff12-0bef-453e-8f85-1c2898c56013;Лампочка;0.0
2026-05-25T06:24:57.265357Z;ae02804f-ee50-4af0-800d-f7f228ed7cae;Сварочник;1.0
2026-05-25T06:25:12.435868Z;9435ff12-0bef-453e-8f85-1c2898c56013;Лампочка;100.0
2026-05-25T06:25:12.435868Z;9435ff12-0bef-453e-8f85-1c2898c56013;Лампочка;2700.0
2026-05-25T06:25:12.435868Z;9435ff12-0bef-453e-8f85-1c2898c56013;Лампочка;0.0
2026-05-25T06:25:12.435868Z;ae02804f-ee50-4af0-800d-f7f228ed7cae;Сварочник;1.0
2026-05-25T06:25:27.629287Z;9435ff12-0bef-453e-8f85-1c2898c56013;Лампочка;100.0
2026-05-25T06:25:27.629287Z;9435ff12-0bef-453e-8f85-1c2898c56013;Лампочка;2700.0
2026-05-25T06:25:27.629287Z;9435ff12-0bef-453e-8f85-1c2898c56013;Лампочка;0.0
2026-05-25T06:25:27.629287Z;ae02804f-ee50-4af0-800d-f7f228ed7cae;Сварочник;1.0
2026-05-25T06:25:42.812623Z;9435ff12-0bef-453e-8f85-1c2898c56013;Лампочка;100.0
2026-05-25T06:25:42.812623Z;9435ff12-0bef-453e-8f85-1c2898c56013;Лампочка;2700.0
2026-05-25T06:25:42.812623Z;9435ff12-0bef-453e-8f85-1c2898c56013;Лампочка;0.0
2026-05-25T06:25:42.812623Z;ae02804f-ee50-4af0-800d-f7f228ed7cae;Сварочник;1.0
2026-05-25T06:25:57.980229Z;9435ff12-0bef-453e-8f85-1c2898c56013;Лампочка;100.0
2026-05-25T06:25:57.980229Z;9435ff12-0bef-453e-8f85-1c2898c56013;Лампочка;2700.0
2026-05-25T06:25:57.980229Z;9435ff12-0bef-453e-8f85-1c2898c56013;Лампочка;0.0
2026-05-25T06:25:57.980229Z;ae02804f-ee50-4af0-800d-f7f228ed7cae;Сварочник;1.0
2026-05-25T06:26:13.158748Z;9435ff12-0bef-453e-8f85-1c2898c56013;Лампочка;100.0
2026-05-25T06:26:13.158748Z;9435ff12-0bef-453e-8f85-1c2898c56013;Лампочка;2700.0
2026-05-25T06:26:13.158748Z;9435ff12-0bef-453e-8f85-1c2898c56013;Лампочка;0.0
2026-05-25T06:26:13.158748Z;ae02804f-ee50-4af0-800d-f7f228ed7cae;Сварочник;1.0
2026-05-25T06:26:28.326825Z;9435ff12-0bef-453e-8f85-1c2898c56013;Лампочка;100.0
2026-05-25T06:26:28.326825Z;9435ff12-0bef-453e-8f85-1c2898c56013;Лампочка;2700.0
2026-05-25T06:26:28.326825Z;9435ff12-0bef-453e-8f85-1c2898c56013;Лампочка;0.0
2026-05-25T06:26:28.326825Z;ae02804f-ee50-4af0-800d-f7f228ed7cae;Сварочник;1.0
2026-05-25T06:26:43.498200Z;9435ff12-0bef-453e-8f85-1c2898c56013;Лампочка;100.0
2026-05-25T06:26:43.498200Z;9435ff12-0bef-453e-8f85-1c2898c56013;Лампочка;2700.0
2026-05-25T06:26:43.498200Z;9435ff12-0bef-453e-8f85-1c2898c56013;Лампочка;0.0
2026-05-25T06:26:43.498200Z;ae02804f-ee50-4af0-800d-f7f228ed7cae;Сварочник;1.0
2026-05-25T06:26:58.664569Z;9435ff12-0bef-453e-8f85-1c2898c56013;Лампочка;100.0
2026-05-25T06:26:58.664569Z;9435ff12-0bef-453e-8f85-1c2898c56013;Лампочка;2700.0
2026-05-25T06:26:58.664569Z;9435ff12-0bef-453e-8f85-1c2898c56013;Лампочка;0.0
2026-05-25T06:26:58.664569Z;ae02804f-ee50-4af0-800d-f7f228ed7cae;Сварочник;1.0
2026-05-25T06:27:13.849770Z;9435ff12-0bef-453e-8f85-1c2898c56013;Лампочка;100.0
2026-05-25T06:27:13.849770Z;9435ff12-0bef-453e-8f85-1c2898c56013;Лампочка;2700.0
2026-05-25T06:27:13.849770Z;9435ff12-0bef-453e-8f85-1c2898c56013;Лампочка;0.0
2026-05-25T06:27:13.849770Z;ae02804f-ee50-4af0-800d-f7f228ed7cae;Сварочник;1.0
2026-05-25T06:27:29.026496Z;9435ff12-0bef-453e-8f85-1c2898c56013;Лампочка;100.0
2026-05-25T06:27:29.026496Z;9435ff12-0bef-453e-8f85-1c2898c56013;Лампочка;2700.0
2026-05-25T06:27:29.026496Z;9435ff12-0bef-453e-8f85-1c2898c56013;Лампочка;0.0
2026-05-25T06:27:29.026496Z;ae02804f-ee50-4af0-800d-f7f228ed7cae;Сварочник;1.0
2026-05-25T06:27:44.198045Z;9435ff12-0bef-453e-8f85-1c2898c56013;Лампочка;100.0
2026-05-25T06:27:44.198045Z;9435ff12-0bef-453e-8f85-1c2898c56013;Лампочка;2700.0
2026-05-25T06:27:44.198045Z;9435ff12-0bef-453e-8f85-1c2898c56013;Лампочка;0.0
2026-05-25T06:27:44.198045Z;ae02804f-ee50-4af0-800d-f7f228ed7cae;Сварочник;1.0
2026-05-25T06:27:59.365271Z;9435ff12-0bef-453e-8f85-1c2898c56013;Лампочка;100.0
2026-05-25T06:27:59.365271Z;9435ff12-0bef-453e-8f85-1c2898c56013;Лампочка;2700.0
2026-05-25T06:27:59.365271Z;9435ff12-0bef-453e-8f85-1c2898c56013;Лампочка;0.0
2026-05-25T06:27:59.365271Z;ae02804f-ee50-4af0-800d-f7f228ed7cae;Сварочник;1.0
2026-05-25T06:28:14.536658Z;9435ff12-0bef-453e-8f85-1c2898c56013;Лампочка;100.0
2026-05-25T06:28:14.536658Z;9435ff12-0bef-453e-8f85-1c2898c56013;Лампочка;2700.0
2026-05-25T06:28:14.536658Z;9435ff12-0bef-453e-8f85-1c2898c56013;Лампочка;0.0
2026-05-25T06:28:14.536658Z;ae02804f-ee50-4af0-800d-f7f228ed7cae;Сварочник;1.0
2026-05-25T06:28:29.715620Z;9435ff12-0bef-453e-8f85-1c2898c56013;Лампочка;100.0
2026-05-25T06:28:29.715620Z;9435ff12-0bef-453e-8f85-1c2898c56013;Лампочка;2700.0
2026-05-25T06:28:29.715620Z;9435ff12-0bef-453e-8f85-1c2898c56013;Лампочка;0.0
2026-05-25T06:28:29.715620Z;ae02804f-ee50-4af0-800d-f7f228ed7cae;Сварочник;1.0
2026-05-25T06:28:44.883296Z;9435ff12-0bef-453e-8f85-1c2898c56013;Лампочка;100.0
2026-05-25T06:28:44.883296Z;9435ff12-0bef-453e-8f85-1c2898c56013;Лампочка;2700.0
2026-05-25T06:28:44.883296Z;9435ff12-0bef-453e-8f85-1c2898c56013;Лампочка;0.0
2026-05-25T06:28:44.883296Z;ae02804f-ee50-4af0-800d-f7f228ed7cae;Сварочник;1.0
2026-05-25T06:29:00.049719Z;9435ff12-0bef-453e-8f85-1c2898c56013;Лампочка;100.0
2026-05-25T06:29:00.049719Z;9435ff12-0bef-453e-8f85-1c2898c56013;Лампочка;2700.0
2026-05-25T06:29:00.049719Z;9435ff12-0bef-453e-8f85-1c2898c56013;Лампочка;0.0
2026-05-25T06:29:00.049719Z;ae02804f-ee50-4af0-800d-f7f228ed7cae;Сварочник;1.0
2026-05-25T06:29:15.240565Z;9435ff12-0bef-453e-8f85-1c2898c56013;Лампочка;100.0
2026-05-25T06:29:15.240565Z;9435ff12-0bef-453e-8f85-1c2898c56013;Лампочка;2700.0
2026-05-25T06:29:15.240565Z;9435ff12-0bef-453e-8f85-1c2898c56013;Лампочка;0.0
2026-05-25T06:29:15.240565Z;ae02804f-ee50-4af0-800d-f7f228ed7cae;Сварочник;1.0
2026-05-25T06:29:30.422659Z;9435ff12-0bef-453e-8f85-1c2898c56013;Лампочка;100.0
2026-05-25T06:29:30.422659Z;9435ff12-0bef-453e-8f85-1c2898c56013;Лампочка;2700.0
2026-05-25T06:29:30.422659Z;9435ff12-0bef-453e-8f85-1c2898c56013;Лампочка;0.0
2026-05-25T06:29:30.422659Z;ae02804f-ee50-4af0-800d-f7f228ed7cae;Сварочник;1.0
2026-05-25T06:29:45.592724Z;9435ff12-0bef-453e-8f85-1c2898c56013;Лампочка;100.0
2026-05-25T06:29:45.592724Z;9435ff12-0bef-453e-8f85-1c2898c56013;Лампочка;2700.0
2026-05-25T06:29:45.592724Z;9435ff12-0bef-453e-8f85-1c2898c56013;Лампочка;0.0
2026-05-25T06:29:45.592724Z;ae02804f-ee50-4af0-800d-f7f228ed7cae;Сварочник;1.0
2026-05-25T06:30:04.685033Z;9435ff12-0bef-453e-8f85-1c2898c56013;Лампочка;100.0
2026-05-25T06:30:04.685033Z;9435ff12-0bef-453e-8f85-1c2898c56013;Лампочка;2700.0
2026-05-25T06:30:04.685033Z;9435ff12-0bef-453e-8f85-1c2898c56013;Лампочка;0.0
2026-05-25T06:30:04.685033Z;ae02804f-ee50-4af0-800d-f7f228ed7cae;Сварочник;1.0
2026-05-25T06:30:19.859874Z;9435ff12-0bef-453e-8f85-1c2898c56013;Лампочка;100.0
2026-05-25T06:30:19.859874Z;9435ff12-0bef-453e-8f85-1c2898c56013;Лампочка;2700.0
2026-05-25T06:30:19.859874Z;9435ff12-0bef-453e-8f85-1c2898c56013;Лампочка;0.0
2026-05-25T06:30:19.859874Z;ae02804f-ee50-4af0-800d-f7f228ed7cae;Сварочник;1.0
2026-05-25T06:30:35.033828Z;9435ff12-0bef-453e-8f85-1c2898c56013;Лампочка;100.0
2026-05-25T06:30:35.033828Z;9435ff12-0bef-453e-8f85-1c2898c56013;Лампочка;2700.0
2026-05-25T06:30:35.033828Z;9435ff12-0bef-453e-8f85-1c2898c56013;Лампочка;0.0
2026-05-25T06:30:35.033828Z;ae02804f-ee50-4af0-800d-f7f228ed7cae;Сварочник;1.0
2026-05-25T06:30:50.208150Z;9435ff12-0bef-453e-8f85-1c2898c56013;Лампочка;100.0
2026-05-25T06:30:50.208150Z;9435ff12-0bef-453e-8f85-1c2898c56013;Лампочка;2700.0
2026-05-25T06:30:50.208150Z;9435ff12-0bef-453e-8f85-1c2898c56013;Лампочка;0.0
2026-05-25T06:30:50.208150Z;ae02804f-ee50-4af0-800d-f7f228ed7cae;Сварочник;1.0
2026-05-25T06:31:05.382061Z;9435ff12-0bef-453e-8f85-1c2898c56013;Лампочка;100.0
2026-05-25T06:31:05.382061Z;9435ff12-0bef-453e-8f85-1c2898c56013;Лампочка;2700.0
2026-05-25T06:31:05.382061Z;9435ff12-0bef-453e-8f85-1c2898c56013;Лампочка;0.0
2026-05-25T06:31:05.382061Z;ae02804f-ee50-4af0-800d-f7f228ed7cae;Сварочник;1.0
2026-05-25T06:31:20.564363Z;9435ff12-0bef-453e-8f85-1c2898c56013;Лампочка;100.0
2026-05-25T06:31:20.564363Z;9435ff12-0bef-453e-8f85-1c2898c56013;Лампочка;2700.0
2026-05-25T06:31:20.564363Z;9435ff12-0bef-453e-8f85-1c2898c56013;Лампочка;0.0
2026-05-25T06:31:20.564363Z;ae02804f-ee50-4af0-800d-f7f228ed7cae;Сварочник;1.0
2026-05-25T06:31:35.734608Z;9435ff12-0bef-453e-8f85-1c2898c56013;Лампочка;100.0
2026-05-25T06:31:35.734608Z;9435ff12-0bef-453e-8f85-1c2898c56013;Лампочка;2700.0
2026-05-25T06:31:35.734608Z;9435ff12-0bef-453e-8f85-1c2898c56013;Лампочка;0.0
2026-05-25T06:31:35.734608Z;ae02804f-ee50-4af0-800d-f7f228ed7cae;Сварочник;1.0
2026-05-25T06:31:50.916710Z;9435ff12-0bef-453e-8f85-1c2898c56013;Лампочка;100.0
2026-05-25T06:31:50.916710Z;9435ff12-0bef-453e-8f85-1c2898c56013;Лампочка;2700.0
2026-05-25T06:31:50.916710Z;9435ff12-0bef-453e-8f85-1c2898c56013;Лампочка;0.0
2026-05-25T06:31:50.916710Z;ae02804f-ee50-4af0-800d-f7f228ed7cae;Сварочник;1.0
2026-05-25T06:32:06.100534Z;9435ff12-0bef-453e-8f85-1c2898c56013;Лампочка;100.0
2026-05-25T06:32:06.100534Z;9435ff12-0bef-453e-8f85-1c2898c56013;Лампочка;2700.0
2026-05-25T06:32:06.100534Z;9435ff12-0bef-453e-8f85-1c2898c56013;Лампочка;0.0
2026-05-25T06:32:06.100534Z;ae02804f-ee50-4af0-800d-f7f228ed7cae;Сварочник;1.0
2026-05-25T06:32:21.270786Z;9435ff12-0bef-453e-8f85-1c2898c56013;Лампочка;100.0
2026-05-25T06:32:21.270786Z;9435ff12-0bef-453e-8f85-1c2898c56013;Лампочка;2700.0
2026-05-25T06:32:21.270786Z;9435ff12-0bef-453e-8f85-1c2898c56013;Лампочка;0.0
2026-05-25T06:32:21.270786Z;ae02804f-ee50-4af0-800d-f7f228ed7cae;Сварочник;1.0
2026-05-25T06:32:36.451268Z;9435ff12-0bef-453e-8f85-1c2898c56013;Лампочка;100.0
2026-05-25T06:32:36.451268Z;9435ff12-0bef-453e-8f85-1c2898c56013;Лампочка;2700.0
2026-05-25T06:32:36.451268Z;9435ff12-0bef-453e-8f85-1c2898c56013;Лампочка;0.0
2026-05-25T06:32:36.451268Z;ae02804f-ee50-4af0-800d-f7f228ed7cae;Сварочник;1.0
2026-05-25T06:32:51.615665Z;9435ff12-0bef-453e-8f85-1c2898c56013;Лампочка;100.0
2026-05-25T06:32:51.615665Z;9435ff12-0bef-453e-8f85-1c2898c56013;Лампочка;2700.0
2026-05-25T06:32:51.615665Z;9435ff12-0bef-453e-8f85-1c2898c56013;Лампочка;0.0
2026-05-25T06:32:51.615665Z;ae02804f-ee50-4af0-800d-f7f228ed7cae;Сварочник;1.0
2026-05-25T06:33:06.790763Z;9435ff12-0bef-453e-8f85-1c2898c56013;Лампочка;100.0
2026-05-25T06:33:06.790763Z;9435ff12-0bef-453e-8f85-1c2898c56013;Лампочка;2700.0
2026-05-25T06:33:06.790763Z;9435ff12-0bef-453e-8f85-1c2898c56013;Лампочка;0.0
2026-05-25T06:33:06.790763Z;ae02804f-ee50-4af0-800d-f7f228ed7cae;Сварочник;1.0
2026-05-25T06:33:21.958738Z;9435ff12-0bef-453e-8f85-1c2898c56013;Лампочка;100.0
2026-05-25T06:33:21.958738Z;9435ff12-0bef-453e-8f85-1c2898c56013;Лампочка;2700.0
2026-05-25T06:33:21.958738Z;9435ff12-0bef-453e-8f85-1c2898c56013;Лампочка;0.0
2026-05-25T06:33:21.958738Z;ae02804f-ee50-4af0-800d-f7f228ed7cae;Сварочник;1.0
2026-05-25T06:33:37.146546Z;9435ff12-0bef-453e-8f85-1c2898c56013;Лампочка;100.0
2026-05-25T06:33:37.146546Z;9435ff12-0bef-453e-8f85-1c2898c56013;Лампочка;2700.0
2026-05-25T06:33:37.146546Z;9435ff12-0bef-453e-8f85-1c2898c56013;Лампочка;0.0
2026-05-25T06:33:37.146546Z;ae02804f-ee50-4af0-800d-f7f228ed7cae;Сварочник;1.0
2026-05-25T06:33:52.314758Z;9435ff12-0bef-453e-8f85-1c2898c56013;Лампочка;100.0
2026-05-25T06:33:52.314758Z;9435ff12-0bef-453e-8f85-1c2898c56013;Лампочка;2700.0
2026-05-25T06:33:52.314758Z;9435ff12-0bef-453e-8f85-1c2898c56013;Лампочка;0.0
2026-05-25T06:33:52.314758Z;ae02804f-ee50-4af0-800d-f7f228ed7cae;Сварочник;1.0
2026-05-25T06:34:07.473182Z;9435ff12-0bef-453e-8f85-1c2898c56013;Лампочка;100.0
2026-05-25T06:34:07.473182Z;9435ff12-0bef-453e-8f85-1c2898c56013;Лампочка;2700.0
2026-05-25T06:34:07.473182Z;9435ff12-0bef-453e-8f85-1c2898c56013;Лампочка;0.0
2026-05-25T06:34:07.473182Z;ae02804f-ee50-4af0-800d-f7f228ed7cae;Сварочник;1.0
2026-05-25T06:34:22.643457Z;9435ff12-0bef-453e-8f85-1c2898c56013;Лампочка;100.0
2026-05-25T06:34:22.643457Z;9435ff12-0bef-453e-8f85-1c2898c56013;Лампочка;2700.0
2026-05-25T06:34:22.643457Z;9435ff12-0bef-453e-8f85-1c2898c56013;Лампочка;0.0
2026-05-25T06:34:22.643457Z;ae02804f-ee50-4af0-800d-f7f228ed7cae;Сварочник;1.0
2026-05-25T06:34:37.821911Z;9435ff12-0bef-453e-8f85-1c2898c56013;Лампочка;100.0
2026-05-25T06:34:37.821911Z;9435ff12-0bef-453e-8f85-1c2898c56013;Лампочка;2700.0
2026-05-25T06:34:37.821911Z;9435ff12-0bef-453e-8f85-1c2898c56013;Лампочка;0.0
2026-05-25T06:34:37.821911Z;ae02804f-ee50-4af0-800d-f7f228ed7cae;Сварочник;1.0
2026-05-25T06:34:52.981825Z;9435ff12-0bef-453e-8f85-1c2898c56013;Лампочка;100.0
2026-05-25T06:34:52.981825Z;9435ff12-0bef-453e-8f85-1c2898c56013;Лампочка;2700.0
2026-05-25T06:34:52.981825Z;9435ff12-0bef-453e-8f85-1c2898c56013;Лампочка;0.0
2026-05-25T06:34:52.981825Z;ae02804f-ee50-4af0-800d-f7f228ed7cae;Сварочник;1.0
2026-05-25T06:35:08.156585Z;9435ff12-0bef-453e-8f85-1c2898c56013;Лампочка;100.0
2026-05-25T06:35:08.156585Z;9435ff12-0bef-453e-8f85-1c2898c56013;Лампочка;2700.0
2026-05-25T06:35:08.156585Z;9435ff12-0bef-453e-8f85-1c2898c56013;Лампочка;0.0
2026-05-25T06:35:08.156585Z;ae02804f-ee50-4af0-800d-f7f228ed7cae;Сварочник;1.0
2026-05-25T06:35:23.331087Z;9435ff12-0bef-453e-8f85-1c2898c56013;Лампочка;100.0
2026-05-25T06:35:23.331087Z;9435ff12-0bef-453e-8f85-1c2898c56013;Лампочка;2700.0
2026-05-25T06:35:23.331087Z;9435ff12-0bef-453e-8f85-1c2898c56013;Лампочка;0.0
2026-05-25T06:35:23.331087Z;ae02804f-ee50-4af0-800d-f7f228ed7cae;Сварочник;1.0
2026-05-25T06:35:38.507772Z;9435ff12-0bef-453e-8f85-1c2898c56013;Лампочка;100.0
2026-05-25T06:35:38.507772Z;9435ff12-0bef-453e-8f85-1c2898c56013;Лампочка;2700.0
2026-05-25T06:35:38.507772Z;9435ff12-0bef-453e-8f85-1c2898c56013;Лампочка;0.0
2026-05-25T06:35:38.507772Z;ae02804f-ee50-4af0-800d-f7f228ed7cae;Сварочник;1.0
2026-05-25T06:35:53.679905Z;9435ff12-0bef-453e-8f85-1c2898c56013;Лампочка;100.0
2026-05-25T06:35:53.679905Z;9435ff12-0bef-453e-8f85-1c2898c56013;Лампочка;2700.0
2026-05-25T06:35:53.679905Z;9435ff12-0bef-453e-8f85-1c2898c56013;Лампочка;0.0
2026-05-25T06:35:53.679905Z;ae02804f-ee50-4af0-800d-f7f228ed7cae;Сварочник;1.0
2026-05-25T06:36:08.861241Z;9435ff12-0bef-453e-8f85-1c2898c56013;Лампочка;100.0
2026-05-25T06:36:08.861241Z;9435ff12-0bef-453e-8f85-1c2898c56013;Лампочка;2700.0
2026-05-25T06:36:08.861241Z;9435ff12-0bef-453e-8f85-1c2898c56013;Лампочка;0.0
2026-05-25T06:36:08.861241Z;ae02804f-ee50-4af0-800d-f7f228ed7cae;Сварочник;1.0
2026-05-25T06:36:24.037309Z;9435ff12-0bef-453e-8f85-1c2898c56013;Лампочка;100.0
2026-05-25T06:36:24.037309Z;9435ff12-0bef-453e-8f85-1c2898c56013;Лампочка;2700.0
2026-05-25T06:36:24.037309Z;9435ff12-0bef-453e-8f85-1c2898c56013;Лампочка;0.0
2026-05-25T06:36:24.037309Z;ae02804f-ee50-4af0-800d-f7f228ed7cae;Сварочник;1.0
2026-05-25T06:36:39.204727Z;9435ff12-0bef-453e-8f85-1c2898c56013;Лампочка;100.0
2026-05-25T06:36:39.204727Z;9435ff12-0bef-453e-8f85-1c2898c56013;Лампочка;2700.0
2026-05-25T06:36:39.204727Z;9435ff12-0bef-453e-8f85-1c2898c56013;Лампочка;0.0
2026-05-25T06:36:39.204727Z;ae02804f-ee50-4af0-800d-f7f228ed7cae;Сварочник;1.0
2026-05-25T06:36:54.385435Z;9435ff12-0bef-453e-8f85-1c2898c56013;Лампочка;100.0
2026-05-25T06:36:54.385435Z;9435ff12-0bef-453e-8f85-1c2898c56013;Лампочка;2700.0
2026-05-25T06:36:54.385435Z;9435ff12-0bef-453e-8f85-1c2898c56013;Лампочка;0.0
2026-05-25T06:36:54.385435Z;ae02804f-ee50-4af0-800d-f7f228ed7cae;Сварочник;1.0
2026-05-25T06:37:09.563977Z;9435ff12-0bef-453e-8f85-1c2898c56013;Лампочка;100.0
2026-05-25T06:37:09.563977Z;9435ff12-0bef-453e-8f85-1c2898c56013;Лампочка;2700.0
2026-05-25T06:37:09.563977Z;9435ff12-0bef-453e-8f85-1c2898c56013;Лампочка;0.0
2026-05-25T06:37:09.563977Z;ae02804f-ee50-4af0-800d-f7f228ed7cae;Сварочник;1.0
2026-05-25T06:37:24.737667Z;9435ff12-0bef-453e-8f85-1c2898c56013;Лампочка;100.0
2026-05-25T06:37:24.737667Z;9435ff12-0bef-453e-8f85-1c2898c56013;Лампочка;2700.0
2026-05-25T06:37:24.737667Z;9435ff12-0bef-453e-8f85-1c2898c56013;Лампочка;0.0
2026-05-25T06:37:24.737667Z;ae02804f-ee50-4af0-800d-f7f228ed7cae;Сварочник;1.0
2026-05-25T06:37:39.911379Z;9435ff12-0bef-453e-8f85-1c2898c56013;Лампочка;100.0
2026-05-25T06:37:39.911379Z;9435ff12-0bef-453e-8f85-1c2898c56013;Лампочка;2700.0
2026-05-25T06:37:39.911379Z;9435ff12-0bef-453e-8f85-1c2898c56013;Лампочка;0.0
2026-05-25T06:37:39.911379Z;ae02804f-ee50-4af0-800d-f7f228ed7cae;Сварочник;1.0
2026-05-25T06:37:55.090324Z;9435ff12-0bef-453e-8f85-1c2898c56013;Лампочка;100.0
2026-05-25T06:37:55.090324Z;9435ff12-0bef-453e-8f85-1c2898c56013;Лампочка;2700.0
2026-05-25T06:37:55.090324Z;9435ff12-0bef-453e-8f85-1c2898c56013;Лампочка;0.0
2026-05-25T06:37:55.090324Z;ae02804f-ee50-4af0-800d-f7f228ed7cae;Сварочник;1.0
2026-05-25T06:38:10.257742Z;9435ff12-0bef-453e-8f85-1c2898c56013;Лампочка;100.0
2026-05-25T06:38:10.257742Z;9435ff12-0bef-453e-8f85-1c2898c56013;Лампочка;2700.0
2026-05-25T06:38:10.257742Z;9435ff12-0bef-453e-8f85-1c2898c56013;Лампочка;0.0
2026-05-25T06:38:10.257742Z;ae02804f-ee50-4af0-800d-f7f228ed7cae;Сварочник;1.0
2026-05-25T06:38:25.426595Z;9435ff12-0bef-453e-8f85-1c2898c56013;Лампочка;100.0
2026-05-25T06:38:25.426595Z;9435ff12-0bef-453e-8f85-1c2898c56013;Лампочка;2700.0
2026-05-25T06:38:25.426595Z;9435ff12-0bef-453e-8f85-1c2898c56013;Лампочка;0.0
2026-05-25T06:38:25.426595Z;ae02804f-ee50-4af0-800d-f7f228ed7cae;Сварочник;1.0
2026-05-25T06:38:40.596690Z;9435ff12-0bef-453e-8f85-1c2898c56013;Лампочка;100.0
2026-05-25T06:38:40.596690Z;9435ff12-0bef-453e-8f85-1c2898c56013;Лампочка;2700.0
2026-05-25T06:38:40.596690Z;9435ff12-0bef-453e-8f85-1c2898c56013;Лампочка;0.0
2026-05-25T06:38:40.596690Z;ae02804f-ee50-4af0-800d-f7f228ed7cae;Сварочник;1.0
2026-05-25T06:38:55.775620Z;9435ff12-0bef-453e-8f85-1c2898c56013;Лампочка;100.0
2026-05-25T06:38:55.775620Z;9435ff12-0bef-453e-8f85-1c2898c56013;Лампочка;2700.0
2026-05-25T06:38:55.775620Z;9435ff12-0bef-453e-8f85-1c2898c56013;Лампочка;0.0
2026-05-25T06:38:55.775620Z;ae02804f-ee50-4af0-800d-f7f228ed7cae;Сварочник;1.0
2026-05-25T06:39:10.950585Z;9435ff12-0bef-453e-8f85-1c2898c56013;Лампочка;100.0
2026-05-25T06:39:10.950585Z;9435ff12-0bef-453e-8f85-1c2898c56013;Лампочка;2700.0
2026-05-25T06:39:10.950585Z;9435ff12-0bef-453e-8f85-1c2898c56013;Лампочка;0.0
2026-05-25T06:39:10.950585Z;ae02804f-ee50-4af0-800d-f7f228ed7cae;Сварочник;1.0
2026-05-25T06:39:26.132634Z;9435ff12-0bef-453e-8f85-1c2898c56013;Лампочка;100.0
2026-05-25T06:39:26.132634Z;9435ff12-0bef-453e-8f85-1c2898c56013;Лампочка;2700.0
2026-05-25T06:39:26.132634Z;9435ff12-0bef-453e-8f85-1c2898c56013;Лампочка;0.0
2026-05-25T06:39:26.132634Z;ae02804f-ee50-4af0-800d-f7f228ed7cae;Сварочник;1.0
2026-05-25T06:39:41.308132Z;9435ff12-0bef-453e-8f85-1c2898c56013;Лампочка;100.0
2026-05-25T06:39:41.308132Z;9435ff12-0bef-453e-8f85-1c2898c56013;Лампочка;2700.0
2026-05-25T06:39:41.308132Z;9435ff12-0bef-453e-8f85-1c2898c56013;Лампочка;0.0
2026-05-25T06:39:41.308132Z;ae02804f-ee50-4af0-800d-f7f228ed7cae;Сварочник;1.0
2026-05-25T06:39:56.478115Z;9435ff12-0bef-453e-8f85-1c2898c56013;Лампочка;100.0
2026-05-25T06:39:56.478115Z;9435ff12-0bef-453e-8f85-1c2898c56013;Лампочка;2700.0
2026-05-25T06:39:56.478115Z;9435ff12-0bef-453e-8f85-1c2898c56013;Лампочка;0.0
2026-05-25T06:39:56.478115Z;ae02804f-ee50-4af0-800d-f7f228ed7cae;Сварочник;1.0
2026-05-25T06:40:11.666635Z;9435ff12-0bef-453e-8f85-1c2898c56013;Лампочка;100.0
2026-05-25T06:40:11.666635Z;9435ff12-0bef-453e-8f85-1c2898c56013;Лампочка;2700.0
2026-05-25T06:40:11.666635Z;9435ff12-0bef-453e-8f85-1c2898c56013;Лампочка;0.0
2026-05-25T06:40:11.666635Z;ae02804f-ee50-4af0-800d-f7f228ed7cae;Сварочник;1.0
2026-05-25T06:40:26.847061Z;9435ff12-0bef-453e-8f85-1c2898c56013;Лампочка;100.0
2026-05-25T06:40:26.847061Z;9435ff12-0bef-453e-8f85-1c2898c56013;Лампочка;2700.0
2026-05-25T06:40:26.847061Z;9435ff12-0bef-453e-8f85-1c2898c56013;Лампочка;0.0
2026-05-25T06:40:26.847061Z;ae02804f-ee50-4af0-800d-f7f228ed7cae;Сварочник;1.0
2026-05-25T06:40:42.032434Z;9435ff12-0bef-453e-8f85-1c2898c56013;Лампочка;100.0
2026-05-25T06:40:42.032434Z;9435ff12-0bef-453e-8f85-1c2898c56013;Лампочка;2700.0
2026-05-25T06:40:42.032434Z;9435ff12-0bef-453e-8f85-1c2898c56013;Лампочка;0.0
2026-05-25T06:40:42.032434Z;ae02804f-ee50-4af0-800d-f7f228ed7cae;Сварочник;1.0
2026-05-25T06:40:57.205471Z;9435ff12-0bef-453e-8f85-1c2898c56013;Лампочка;100.0
2026-05-25T06:40:57.205471Z;9435ff12-0bef-453e-8f85-1c2898c56013;Лампочка;2700.0
2026-05-25T06:40:57.205471Z;9435ff12-0bef-453e-8f85-1c2898c56013;Лампочка;0.0
2026-05-25T06:40:57.205471Z;ae02804f-ee50-4af0-800d-f7f228ed7cae;Сварочник;1.0
2026-05-25T06:41:12.382144Z;9435ff12-0bef-453e-8f85-1c2898c56013;Лампочка;100.0
2026-05-25T06:41:12.382144Z;9435ff12-0bef-453e-8f85-1c2898c56013;Лампочка;2700.0
2026-05-25T06:41:12.382144Z;9435ff12-0bef-453e-8f85-1c2898c56013;Лампочка;0.0
2026-05-25T06:41:12.382144Z;ae02804f-ee50-4af0-800d-f7f228ed7cae;Сварочник;1.0
2026-05-25T06:41:27.549829Z;9435ff12-0bef-453e-8f85-1c2898c56013;Лампочка;100.0
2026-05-25T06:41:27.549829Z;9435ff12-0bef-453e-8f85-1c2898c56013;Лампочка;2700.0
2026-05-25T06:41:27.549829Z;9435ff12-0bef-453e-8f85-1c2898c56013;Лампочка;0.0
2026-05-25T06:41:27.549829Z;ae02804f-ee50-4af0-800d-f7f228ed7cae;Сварочник;1.0
2026-05-25T06:41:42.736721Z;9435ff12-0bef-453e-8f85-1c2898c56013;Лампочка;100.0
2026-05-25T06:41:42.736721Z;9435ff12-0bef-453e-8f85-1c2898c56013;Лампочка;2700.0
2026-05-25T06:41:42.736721Z;9435ff12-0bef-453e-8f85-1c2898c56013;Лампочка;0.0
2026-05-25T06:41:42.736721Z;ae02804f-ee50-4af0-800d-f7f228ed7cae;Сварочник;1.0
2026-05-25T06:41:57.902517Z;9435ff12-0bef-453e-8f85-1c2898c56013;Лампочка;100.0
2026-05-25T06:41:57.902517Z;9435ff12-0bef-453e-8f85-1c2898c56013;Лампочка;2700.0
2026-05-25T06:41:57.902517Z;9435ff12-0bef-453e-8f85-1c2898c56013;Лампочка;0.0
2026-05-25T06:41:57.902517Z;ae02804f-ee50-4af0-800d-f7f228ed7cae;Сварочник;1.0
2026-05-25T06:42:13.075742Z;9435ff12-0bef-453e-8f85-1c2898c56013;Лампочка;100.0
2026-05-25T06:42:13.075742Z;9435ff12-0bef-453e-8f85-1c2898c56013;Лампочка;2700.0
2026-05-25T06:42:13.075742Z;9435ff12-0bef-453e-8f85-1c2898c56013;Лампочка;0.0
2026-05-25T06:42:13.075742Z;ae02804f-ee50-4af0-800d-f7f228ed7cae;Сварочник;1.0
2026-05-25T06:42:28.243844Z;9435ff12-0bef-453e-8f85-1c2898c56013;Лампочка;100.0
2026-05-25T06:42:28.243844Z;9435ff12-0bef-453e-8f85-1c2898c56013;Лампочка;2700.0
2026-05-25T06:42:28.243844Z;9435ff12-0bef-453e-8f85-1c2898c56013;Лампочка;0.0
2026-05-25T06:42:28.243844Z;ae02804f-ee50-4af0-800d-f7f228ed7cae;Сварочник;1.0
2026-05-25T06:42:43.417070Z;9435ff12-0bef-453e-8f85-1c2898c56013;Лампочка;100.0
2026-05-25T06:42:43.417070Z;9435ff12-0bef-453e-8f85-1c2898c56013;Лампочка;2700.0
2026-05-25T06:42:43.417070Z;9435ff12-0bef-453e-8f85-1c2898c56013;Лампочка;0.0
2026-05-25T06:42:43.417070Z;ae02804f-ee50-4af0-800d-f7f228ed7cae;Сварочник;1.0
2026-05-25T06:42:58.579842Z;9435ff12-0bef-453e-8f85-1c2898c56013;Лампочка;100.0
2026-05-25T06:42:58.579842Z;9435ff12-0bef-453e-8f85-1c2898c56013;Лампочка;2700.0
2026-05-25T06:42:58.579842Z;9435ff12-0bef-453e-8f85-1c2898c56013;Лампочка;0.0
2026-05-25T06:42:58.579842Z;ae02804f-ee50-4af0-800d-f7f228ed7cae;Сварочник;1.0
